PTE,VC96
PTP,VC96
PTE,VC96
PTP,VC96
PTE,VC96
PTE,VC96
PTE,VC96
PTE,VCD2
PTP,VC96
PTC,VC96
PTE,VC96
PTC,VCD2
PTP,VCD2
PTE,VC96
PTC,VCD2
PTE,VC96
PTC,VC96
PTP,VCB4
PTP,VCD2
PTP,VC96
PTC,VC96
PTP,VC96
PTP,VC96
PTP,VC96
PTE,VC96
PTP,VC96
PTE,VC96
PTP,VC96
PTE,VC96
PTE,VC96
PTE,VCB4
PTE,VC96
PTP,VCB4
PTE,VCB4
PTE,VCB4
PTC,VCD2
PTP,VC96
PTE,VC96
PTC,VC96
PTE,VC96
PTC,VCD2
PTE,VC96
PTP,VC96
PTE,VC96
PTP,VC96
PTP,VCB4
PTC,VC96
PTE,VCD2
PTE,VC96
PTP,VC96
PTC,VC96
PTC,VC96
PTP,VCD2
PTP,VC96
PTC,VC96
PTP,VCB4
PTC,VC96
PTC,VC96
PTE,VC96
PTC,VC96
PTC,VC96
PTP,VCB4
PTP,VCB4
PTC,VCD2
PTC,VC96
PTC,VC96
PTC,VC96
PTE,VC96
PTP,VCD2
PTP,VC96
PTP,VC96
PTC,VC96
PTC,VC96
PTP,VC96
PTE,VC96
PTP,VC96
PTE,VC96
PTE,VC96
PTC,VC96
PTE,VC96
PTP,VCB4
PTC,VCB4
PTC,VC96
PTC,VCB4
PTC,VC96
PTP,VC96
PTP,VC96
PTE,VC96
PTC,VC96
PTE,VC96
PTC,VCB4
PTP,VCB4
PTP,VCD2
PTC,VC96
PTE,VCB4
PTP,VC96
PTC,VCB4
PTC,VC96
PTP,VCB4
PTC,VC96
PTP,VCB4
PTE,VC96
PTE,VC96
PTP,VCB4
PTE,VCB4
PTP,VCB4
PTE,VC96
PTC,VC96
PTP,VC96
PTP,VC96
PTC,VC96
PTP,VC96
PTP,VCD2
PTE,VC96
PTE,VCB4
PTC,VC96
PTE,VCB4
PTC,VC96
PTE,VCD2
PTC,VCB4
PTC,VCD2
PTE,VC96
PTE,VCD2
PTP,VC96
PTE,VCB4
PTP,VC96
PTE,VC96
PTE,VCB4
PTP,VCD2
PTC,VC96
PTC,VC96
PTE,VC96
PTC,VC96
PTP,VC96
PTE,VC96
PTE,VC96
PTE,VCD2
PTP,VC96
PTE,VC96
PTE,VCB4
PTP,VCB4
PTP,VCB4
PTC,VCD2
PTE,VC96
PTE,VCB4
PTC,VCD2
PTE,VC96
PTE,VC96
PTE,VC96
PTC,VCB4
PTE,VCD2
PTP,VC96
PTP,VCD2
PTC,VC96
PTP,VC96
PTE,VCB4
PTE,VCB4
PTP,VC96
PTC,VC96
PTP,VCD2
PTC,VC96
PTP,VC96
PTC,VC96
PTE,VCB4
PTP,VC96
PTE,VCB4
PTP,VCB4
PTC,VCB4
PTC,VCB4
PTE,VC96
PTC,VCB4
PTC,VC96
PTE,VC96
PTP,VC96
PTP,VC96
PTE,VCB4
PTP,VC96
PTP,VCB4
PTE,VC96
PTC,VC96
PTC,VC96
PTE,VC96
PTE,VC96
PTP,VC96
PTP,VCB4
PTC,VC96
PTC,VCD2
PTP,VCB4
PTE,VC96
PTE,VC96
PTC,VC96
PTC,VCD2
PTP,VC96
PTC,VCB4
PTE,VC96
PTP,VC96
PTP,VCB4
PTC,VCB4
PTE,VC96
PTE,VC96
PTE,VCB4
PTP,VC96
PTE,VC96
PTE,VC96
PTP,VC96
PTE,VCD2
PTP,VC96
PTE,VCB4
PTP,VCB4
PTP,VC96
PTC,VC96
PTP,VC96
PTP,VCB4
PTC,VC96
PTE,VC96
PTP,VC96
PTP,VC96
PTC,VC96
PTE,VCD2
PTC,VC96
PTE,VCB4
PTC,VC96
PTE,VC96
PTE,VC96
PTC,VC96
PTP,VCB4
PTC,VC96
PTE,VC96
PTC,VCB4
PTC,VC96
PTC,VCB4
PTE,VC96
PTC,VCB4
PTC,VC96
PTE,VCB4
PTC,VC96
PTP,VC96
PTE,VC96
PTP,VC96
PTE,VCB4
PTE,VC96
PTE,VC96
PTP,VC96
PTC,VC96
PTE,VC96
PTE,VCB4
PTP,VCD2
PTC,VC96
PTE,VC96
PTC,VC96
PTE,VC96
PTP,VC96
PTC,VC96
PTC,VCB4
PTE,VC96
PTC,VCD2
PTC,VC96
PTE,VC96
PTE,VC96
PTC,VC96
PTE,VCB4
PTE,VC96
PTC,VC96
PTC,VCB4
PTP,VC96
PTC,VC96
PTE,VC96
PTP,VCB4
PTC,VC96
PTP,VCB4
PTE,VC96
PTE,VC96
PTP,VC96
PTC,VCD2
PTE,VC96
PTC,VC96
PTC,VCB4
PTE,VC96
PTE,VC96
PTC,VC96
PTP,VC96
PTE,VCB4
PTC,VCD2
PTC,VC96
PTP,VCB4
PTE,VC96
PTC,VC96
PTP,VCD2
PTC,VC96
PTP,VC96
PTC,VC96
PTP,VCD2
PTC,VC96
PTE,VC96
PTP,VCD2
PTC,VC96
PTP,VC96
PTE,VCD2
PTP,VCB4
PTC,VC96
PTE,VCB4
PTE,VCB4
PTE,VC96
PTC,VCB4
PTE,VC96
PTC,VC96
PTP,VC96
PTC,VC96
PTP,VC96
PTC,VCD2
PTE,VCB4
PTE,VC96
PTC,VCB4
PTP,VC96
PTC,VC96
PTP,VCD2
PTP,VC96
PTC,VCB4
PTC,VC96
PTP,VC96
PTE,VC96
PTP,VC96
PTE,VCB4
PTC,VC96
PTC,VC96
PTP,VC96
PTP,VCB4
PTP,VCB4
PTP,VC96
PTE,VCB4
PTP,VC96
PTP,VC96
PTC,VCB4
PTC,VC96
PTE,VCB4
PTC,VC96
PTP,VC96
PTC,VCB4
PTC,VCB4
PTE,VC96
PTP,VCB4
PTC,VCD2
PTC,VCB4
PTE,VC96
PTP,VC96
PTE,VC96
PTP,VC96
PTE,VCD2
PTE,VC96
PTP,VCB4
PTP,VC96
PTC,VC96
PTP,VC96
PTP,VC96
PTE,VC96
PTP,VCB4
PTC,VC96
PTE,VCB4
PTC,VCB4
PTP,VC96
PTE,VC96
PTC,VC96
PTC,VC96
PTE,VC96
PTE,VC96
PTC,VC96
PTP,VC96
PTP,VC96
PTC,VC96
PTC,VC96
PTP,VC96
PTE,VCB4
PTE,VCB4
PTC,VC96
PTC,VCB4
PTP,VCD2
PTP,VC96
PTC,VC96
PTC,VC96
PTE,VCD2
PTC,VC96
PTP,VC96
PTP,VC96
PTP,VC96
PTP,VCB4
PTP,VC96
PTP,VCB4
PTC,VC96
PTC,VC96
PTE,VC96
PTC,VC96
PTC,VC96
PTC,VC96
PTP,VC96
PTE,VC96
PTC,VCD2
PTE,VCB4
PTC,VC96
PTP,VC96
PTE,VCB4
PTC,VCB4
PTE,VC96
PTC,VC96
PTP,VCB4
PTC,VCB4
PTE,VC96
PTP,VC96
PTC,VCB4
PTE,VC96
PTE,VC96
PTC,VC96
PTE,VCB4
PTP,VC96
PTP,VCB4
PTC,VC96
PTE,VCB4
PTE,VC96
PTE,VC96
PTC,VC96
PTP,VCB4
PTP,VC96
PTE,VC96
PTP,VCB4
PTC,VC96
PTP,VC96
PTE,VC96
PTP,VC96
PTP,VC96
PTC,VC96
PTE,VC96
PTP,VCB4
PTE,VC96
PTP,VC96
PTE,VC96
PTP,VC96
PTE,VCB4
PTP,VC96
PTE,VC96
PTP,VCB4
PTP,VC96
PTP,VCD2
PTE,VC96
PTP,VC96
PTE,VC96
PTE,VCB4
PTP,VC96
PTE,VC96
PTE,VC96
PTE,VC96
PTP,VCB4
PTE,VC96
PTP,VC96
PTP,VCB4
PTP,VC96
PTE,VCB4
PTC,VCB4
PTC,VCD2
PTE,VC96
PTP,VC96
PTE,VC96
PTE,VC96
PTE,VC96
PTE,VC96
PTE,VC96
PTE,VCD2
PTE,VC96
PTP,VC96
PTE,VC96
PTE,VCD2
PTP,VCB4
PTP,VC96
PTP,VC96
PTP,VCB4
PTP,VC96
PTP,VC96
PTP,VCD2
PTE,VC96
PTC,VCB4
PTC,VC96
PTE,VCB4
PTC,VCB4
PTP,VC96
PTC,VC96
PTP,VC96
PTP,VCD2
PTP,VC96
PTE,VC96
PTP,VC96
PTE,VC96
PTE,VCD2
PTC,VC96
PTE,VCB4
PTE,VC96
PTE,VCB4
PTC,VCB4
PTC,VC96
PTE,VC96
PTP,VC96
PTP,VCD2
PTP,VC96
PTC,VC96
PTC,VCB4
PTP,VCB4
PTC,VCB4
PTP,VC96
PTE,VC96
PTC,VC96
PTE,VCB4
PTE,VCD2
PTE,VC96
PTP,VCB4
PTE,VC96
PTC,VC96
PTP,VC96
PTP,VCB4
PTP,VC96
PTP,VC96
PTE,VCB4
PTC,VC96
PTP,VCB4
PTE,VC96
PTP,VC96
PTE,VCB4
PTC,VCB4
PTC,VC96
PTC,VC96
PTC,VC96
PTE,VCB4
PTP,VC96
PTC,VC96
PTE,VC96
PTE,VC96
PTP,VC96
PTE,VC96
PTC,VCD2
PTC,VCB4
PTP,VCD2
PTP,VC96
PTP,VC96
PTP,VC96
PTP,VC96
PTC,VC96
PTP,VC96
PTE,VCB4
PTP,VC96
PTP,VC96
PTC,VC96
PTE,VC96
PTE,VC96
PTP,VCB4
PTP,VC96
PTE,VCD2
PTP,VC96
PTC,VC96
PTP,VC96
PTC,VC96
PTE,VCD2
PTP,VC96
PTE,VC96
PTE,VCB4
PTE,VCB4
PTE,VCD2
PTP,VC96
PTE,VC96
PTP,VCB4
PTP,VCB4
PTP,VCB4
PTP,VC96
PTP,VCD2
PTP,VC96
PTC,VC96
PTE,VC96
PTP,VC96
PTE,VCB4
PTP,VC96
PTP,VC96
PTC,VC96
PTP,VCB4
PTE,VC96
PTP,VCB4
PTP,VCB4
PTE,VC96
PTP,VC96
PTC,VCD2
PTE,VCD2
PTE,VC96
PTC,VCB4
PTP,VCB4
PTE,VC96
PTC,VC96
PTC,VC96
PTP,VC96
PTC,VC96
PTP,VCD2
PTP,VC96
PTC,VC96
PTC,VCD2
PTC,VCB4
PTE,VCB4
PTP,VCB4
PTC,VC96
PTC,VC96
PTP,VC96
PTE,VC96
PTC,VCD2
PTC,VC96
PTC,VCD2
PTP,VC96
PTC,VCD2
PTP,VC96
PTC,VCD2
PTC,VC96
PTP,VCD2
PTE,VC96
PTP,VC96
PTE,VCD2
PTP,VC96
PTC,VC96
PTC,VC96
PTE,VC96
PTP,VCD2
PTP,VC96
PTP,VC96
PTC,VC96
PTE,VC96
PTC,VC96
PTC,VC96
PTE,VCB4
PTE,VC96
PTP,VC96
PTE,VC96
PTE,VC96
PTP,VC96
PTC,VCB4
PTP,VC96
PTC,VCD2
PTE,VCB4
PTC,VC96
PTC,VCD2
PTE,VC96
PTP,VC96
PTE,VC96
PTE,VC96
PTC,VC96
PTE,VC96
PTE,VC96
PTC,VCB4
PTE,VC96
PTE,VC96
PTC,VC96
PTC,VC96
PTC,VCD2
PTC,VC96
PTP,VC96
PTE,VCB4
PTP,VC96
PTE,VCB4
PTC,VC96
PTC,VC96
PTE,VC96
PTE,VC96
PTP,VC96
PTC,VC96
PTE,VC96
PTE,VC96
PTC,VC96
PTC,VC96
PTC,VCB4
PTP,VC96
PTE,VCD2
PTC,VC96
PTC,VCB4
PTC,VC96
PTP,VC96
PTC,VCB4
PTC,VCB4
PTC,VCD2
PTE,VCB4
PTE,VCB4
PTE,VCD2
PTP,VC96
PTE,VC96
PTE,VC96
PTE,VC96
PTP,VCB4
PTC,VC96
PTC,VC96
PTC,VC96
PTP,VC96
PTC,VCD2
PTE,VC96
PTP,VCB4
PTP,VCD2
PTE,VC96
PTE,VCB4
PTE,VCB4
PTP,VCD2
PTE,VC96
PTP,VC96
PTE,VC96
PTC,VC96
PTP,VCB4
PTC,VCB4
PTC,VC96
PTP,VC96
PTE,VC96
PTE,VC96
PTP,VCB4
PTC,VC96
PTC,VC96
PTC,VC96
PTP,VC96
PTC,VCD2
PTP,VCB4
PTP,VCB4
PTC,VCB4
PTP,VCB4
PTP,VC96
PTC,VC96
PTP,VC96
PTE,VCD2
PTP,VC96
PTP,VCB4
PTP,VCB4
PTE,VC96
PTP,VCB4
PTP,VC96
PTC,VCD2
PTP,VCB4
PTC,VCB4
PTP,VCB4
PTP,VCB4
PTE,VC96
PTP,VCD2
PTC,VC96
PTC,VC96
PTE,VC96
PTP,VCB4
PTE,VCB4
PTC,VCB4
PTC,VC96
PTE,VC96
PTC,VCB4
PTP,VC96
PTC,VC96
PTC,VC96
PTE,VCB4
PTC,VC96
PTC,VC96
PTP,VCB4
PTE,VCB4
PTC,VCD2
PTE,VCD2
PTC,VCB4
PTE,VCD2
PTC,VC96
PTP,VC96
PTE,VCB4
PTC,VCB4
PTE,VC96
PTC,VC96
PTP,VC96
PTC,VC96
PTP,VCB4
PTP,VC96
PTP,VCB4
PTE,VCB4
PTC,VCD2
PTC,VC96
PTC,VC96
PTP,VCD2
PTC,VCD2
PTP,VCB4
PTE,VC96
PTE,VCB4
PTE,VC96
PTE,VC96
PTC,VC96
PTP,VCB4
PTC,VC96
PTP,VC96
PTP,VC96
PTP,VCD2
PTP,VC96
PTP,VCB4
PTP,VC96
PTP,VC96
PTC,VCB4
PTP,VCB4
PTC,VC96
PTE,VC96
PTP,VC96
PTE,VCB4
PTP,VCD2
PTP,VCB4
PTC,VCD2
PTP,VC96
PTC,VC96
PTC,VC96
PTC,VC96
PTC,VC96
PTP,VC96
PTC,VCB4
PTP,VC96
PTP,VC96
PTC,VCB4
PTC,VC96
PTE,VCB4
PTP,VC96
PTE,VC96
PTE,VCB4
PTP,VC96
PTE,VC96
PTE,VC96
PTP,VCB4
PTP,VC96
PTC,VCD2
PTE,VCB4
PTC,VCB4
PTP,VC96
PTC,VC96
PTE,VC96
PTP,VC96
PTE,VC96
PTC,VC96
PTP,VC96
PTP,VC96
PTC,VCB4
PTE,VC96
PTC,VC96
PTE,VC96
PTC,VCD2
PTC,VC96
PTP,VC96
PTP,VCB4
PTC,VC96
PTC,VC96
PTC,VCB4
PTE,VCB4
PTP,VCD2
PTP,VC96
PTE,VC96
PTC,VCB4
PTE,VCB4
PTE,VC96
PTC,VCB4
PTP,VCB4
PTE,VC96
PTC,VCD2
PTP,VC96
PTE,VCD2
PTE,VCB4
PTC,VC96
PTE,VCB4
PTP,VC96
PTE,VCB4
PTP,VC96
PTE,VCB4
PTP,VC96
PTP,VCD2
PTE,VC96
PTP,VC96
PTP,VC96
PTE,VCD2
PTP,VC96
PTP,VC96
PTP,VC96
PTC,VC96
PTC,VC96
PTE,VC96
PTC,VC96
PTC,VC96
PTE,VCB4
PTE,VCB4
PTE,VC96
PTC,VC96
PTC,VCD2
PTE,VC96
PTP,VCD2
PTC,VC96
PTP,VC96
PTE,VC96
PTP,VC96
PTC,VC96
PTE,VCB4
PTC,VC96
PTC,VC96
PTE,VC96
PTC,VCD2
PTC,VC96
PTC,VC96
PTC,VC96
PTC,VCD2
PTE,VCD2
PTE,VC96
PTE,VCD2
PTE,VC96
PTP,VC96
PTP,VC96
PTP,VC96
PTE,VCB4
PTE,VCB4
PTC,VC96
PTC,VC96
PTP,VC96
PTC,VC96
PTP,VC96
PTC,VC96
PTE,VCB4
PTE,VCB4
PTE,VC96
PTP,VCB4
PTE,VC96
PTE,VC96
PTP,VC96
PTE,VCD2
PTE,VCD2
PTE,VC96
PTC,VC96
PTP,VC96
PTP,VCB4
PTE,VCB4
PTE,VC96
PTC,VCB4
PTP,VC96
PTP,VC96
PTC,VC96
PTC,VC96
PTE,VCB4
PTE,VCD2
PTP,VCB4
PTE,VC96
PTE,VCB4
PTE,VCD2
PTP,VC96
PTP,VC96
PTP,VC96
PTE,VC96
PTP,VC96
PTE,VCB4
PTE,VCB4
PTE,VCB4
PTC,VC96
PTE,VCD2
PTC,VC96
PTE,VCB4
PTC,VC96
PTP,VC96
PTE,VCD2
PTP,VC96
PTE,VC96
PTC,VC96
PTC,VC96
PTE,VC96
PTC,VC96
PTP,VC96
PTC,VC96
PTE,VC96
PTC,VC96
PTC,VC96
PTC,VC96
PTC,VC96
PTP,VCB4
PTC,VCB4
PTE,VC96
PTE,VCB4
PTE,VC96
PTE,VC96
PTC,VCD2
PTE,VCD2
PTC,VCB4
PTP,VCB4
PTC,VC96
PTP,VCB4
PTE,VC96
PTP,VC96
PTC,VC96
PTC,VCB4
PTC,VCB4
PTC,VC96
PTC,VCB4
PTC,VCD2
PTP,VCB4
PTP,VC96
PTC,VC96
PTC,VC96
PTP,VC96
PTP,VC96
PTE,VC96
PTC,VC96
PTE,VCB4
PTE,VCB4
PTP,VCB4
PTP,VC96
PTP,VCD2
PTC,VC96
PTP,VCD2
PTE,VC96
PTC,VC96
PTC,VC96
PTE,VC96
PTC,VCB4
PTC,VC96
PTC,VC96
PTC,VC96
PTP,VCD2
PTE,VC96
PTE,VCB4
PTC,VC96
PTE,VCD2
PTC,VCB4
PTC,VCB4
PTP,VC96
PTE,VC96
PTE,VC96
PTP,VCB4
PTP,VCB4
PTP,VC96
PTP,VC96
PTE,VC96
PTE,VC96
PTP,VCB4
PTE,VC96
PTP,VCB4
PTE,VC96
PTC,VCD2
PTP,VC96
PTC,VCB4
PTE,VCB4
PTC,VC96
PTC,VC96
PTC,VCB4
PTE,VC96
PTC,VCB4
PTP,VC96
PTE,VC96
PTE,VC96
PTE,VC96
PTE,VC96
PTP,VC96
PTC,VCD2
PTC,VC96
PTC,VC96
PTE,VC96
PTE,VC96
PTC,VC96
PTC,VC96
PTP,VCD2
PTP,VC96
PTC,VCB4
PTP,VC96
PTC,VC96
PTE,VC96
PTE,VCD2
PTC,VCD2
PTC,VC96
PTE,VC96
PTC,VCD2
PTC,VCB4
PTE,VCB4
PTP,VC96
PTE,VCD2
PTP,VC96
PTP,VC96
PTC,VCB4
PTE,VC96
PTE,VC96
PTE,VC96
PTC,VCD2
PTP,VC96
PTP,VC96
PTE,VCB4
PTP,VCD2
PTP,VCB4
PTC,VCB4
PTP,VC96
PTC,VC96
PTE,VC96
PTP,VCB4
PTC,VCD2
PTP,VCB4
PTC,VC96
PTE,VC96
PTP,VCB4
PTC,VC96
PTC,VC96
PTP,VC96
PTC,VC96
PTC,VCD2
PTC,VC96
PTC,VCB4
PTP,VC96
PTE,VCD2
PTE,VCB4
PTP,VCD2
PTP,VC96
PTP,VC96
PTP,VC96
PTP,VCB4
PTC,VCB4
PTP,VC96
PTC,VC96
PTC,VC96
PTC,VC96
PTP,VCD2
PTC,VC96
PTP,VC96
PTP,VC96
PTC,VCB4
PTP,VC96
PTE,VC96
PTP,VCB4
PTC,VC96
PTC,VCB4
PTP,VC96
PTC,VCD2
PTP,VCB4
PTC,VCD2
PTC,VC96
PTC,VCD2
PTP,VC96
PTE,VC96
PTE,VCB4
PTP,VCB4
PTC,VCD2
PTC,VCB4
PTP,VC96
PTP,VC96
PTE,VCD2
PTE,VC96
PTC,VC96
PTE,VC96
PTC,VCB4
PTP,VC96
PTC,VCB4
PTP,VCD2
PTP,VC96
PTE,VC96
PTC,VCB4
PTE,VCB4
PTP,VC96
PTE,VCB4
PTC,VC96
PTE,VCD2
PTE,VCB4
PTC,VCB4
PTP,VC96
PTC,VC96
PTC,VCD2
PTC,VC96
PTP,VC96
PTP,VCD2
PTP,VCB4
PTC,VC96
PTP,VC96
PTC,VC96
PTE,VC96
PTP,VCB4
PTC,VCB4
PTP,VCD2
PTC,VC96
PTP,VC96
PTC,VCD2
PTE,VC96
PTP,VCD2
PTP,VCB4
PTC,VCD2
PTP,VCB4
PTE,VCB4
PTE,VCB4
PTC,VC96
PTE,VCD2
PTE,VCB4
PTE,VC96
PTE,VCB4
PTE,VC96
PTP,VCB4
PTC,VC96
PTC,VC96
PTC,VC96
PTP,VC96
PTP,VC96
PTE,VCB4
PTC,VC96
PTC,VC96
PTP,VC96
PTP,VC96
PTE,VC96
PTP,VCB4
PTP,VCB4
PTE,VC96
PTP,VCB4
PTP,VCD2
PTP,VCB4
PTE,VC96
PTC,VC96
PTP,VCB4
PTE,VC96
PTP,VC96
PTC,VC96
PTE,VCB4
PTC,VC96
PTC,VCB4
PTE,VCB4
PTP,VC96
PTP,VCD2
PTC,VC96
PTC,VC96
PTE,VC96
PTC,VCB4
PTC,VCB4
PTP,VC96
PTC,VC96
PTE,VCB4
PTP,VC96
PTP,VC96
PTE,VCD2
PTP,VC96
PTC,VCD2
PTE,VCB4
PTC,VCB4
PTP,VC96
PTP,VCB4
PTE,VCD2
PTE,VC96
PTP,VC96
PTP,VC96
PTP,VC96
PTP,VCB4
PTP,VC96
PTP,VC96
PTE,VCB4
PTC,VC96
PTP,VC96
PTP,VC96
PTP,VC96
PTP,VC96
PTE,VCB4
PTC,VC96
PTP,VC96
PTE,VC96
PTP,VC96
PTE,VCB4
PTE,VC96
PTC,VC96
PTE,VC96
PTP,VC96
PTC,VC96
PTC,VC96
PTC,VC96
PTE,VCB4
PTC,VCB4
PTE,VCD2
PTP,VC96
PTP,VCD2
PTP,VC96
PTE,VC96
PTP,VCB4
PTP,VCD2
PTP,VC96
PTC,VCD2
PTE,VC96
PTP,VCB4
PTC,VCD2
PTE,VC96
PTE,VC96
PTC,VCD2
PTE,VCB4
PTC,VCB4
PTC,VCB4
PTE,VC96
PTP,VCD2
PTE,VC96
PTE,VCB4
PTC,VC96
PTP,VC96
PTP,VC96
PTC,VC96
PTP,VCB4
PTP,VC96
PTC,VC96
PTC,VCD2
PTE,VC96
PTE,VC96
PTE,VC96
PTE,VCD2
PTC,VC96
PTP,VC96
PTP,VC96
PTE,VC96
PTP,VC96
PTC,VCB4
PTP,VC96
PTC,VC96
PTC,VC96
PTC,VCD2
PTE,VC96
PTP,VCB4
PTE,VC96
PTP,VC96
PTC,VCB4
PTP,VC96
PTP,VCB4
PTC,VCD2
PTE,VC96
PTE,VC96
PTC,VC96
PTC,VCB4
PTE,VCD2
PTC,VCB4
PTP,VC96
PTC,VCD2
PTP,VCB4
PTE,VC96
PTP,VC96
PTP,VC96
PTC,VCD2
PTE,VCD2
PTC,VC96
PTC,VCD2
PTP,VCB4
PTP,VC96
PTC,VCB4
PTC,VC96
PTC,VCB4
PTE,VC96
PTE,VCB4
PTC,VC96
PTC,VC96
PTE,VC96
PTP,VC96
PTP,VC96
PTE,VC96
PTC,VC96
PTP,VC96
PTE,VC96
PTE,VC96
PTE,VC96
PTP,VC96
PTE,VCB4
PTP,VC96
PTC,VCB4
PTP,VC96
PTE,VC96
PTC,VC96
PTE,VC96
PTE,VCB4
PTP,VCB4
PTC,VC96
PTC,VC96
PTP,VCB4
PTE,VC96
PTE,VC96
PTC,VC96
PTE,VCD2
PTE,VC96
PTE,VC96
PTP,VC96
PTC,VC96
PTC,VC96
PTE,VC96
PTC,VCD2
PTC,VCD2
PTC,VC96
PTP,VC96
PTC,VC96
PTC,VCD2
PTE,VC96
PTP,VCB4
PTE,VC96
PTE,VC96
PTP,VCD2
PTE,VC96
PTC,VC96
PTC,VCB4
PTE,VC96
PTE,VCB4
PTE,VCB4
PTE,VC96
PTP,VC96
PTP,VCB4
PTC,VCD2
PTC,VCB4
PTE,VCB4
PTE,VCB4
PTP,VC96
PTP,VC96
PTE,VC96
PTE,VCB4
PTE,VC96
PTE,VCB4
PTP,VCB4
PTC,VC96
PTP,VC96
PTC,VCD2
PTC,VC96
PTE,VCB4
PTE,VC96
PTE,VC96
PTC,VC96
PTE,VC96
PTE,VC96
PTE,VC96
PTC,VCD2
PTC,VC96
PTE,VC96
PTP,VC96
PTE,VCB4
PTC,VCB4
PTE,VC96
PTC,VC96
PTP,VCB4
PTC,VC96
PTE,VC96
PTC,VC96
PTP,VC96
PTE,VC96
PTC,VCB4
PTE,VC96
PTP,VC96
PTE,VC96
PTC,VC96
PTP,VC96
PTC,VCB4
PTE,VCB4
PTP,VCB4
PTC,VCD2
PTC,VC96
PTC,VC96
PTP,VC96
PTE,VC96
PTP,VC96
PTE,VC96
PTE,VC96
PTC,VCD2
PTP,VC96
PTC,VC96
PTP,VCB4
PTP,VC96
PTE,VC96
PTE,VCD2
PTE,VCB4
PTP,VC96
PTC,VCB4
PTC,VC96
PTE,VCD2
PTE,VCB4
PTC,VC96
PTE,VC96
PTP,VC96
PTC,VC96
PTE,VC96
PTP,VC96
PTE,VC96
PTP,VC96
PTE,VCB4
PTP,VCB4
PTE,VC96
PTC,VCD2
PTE,VC96
PTE,VC96
PTC,VC96
PTE,VCB4
PTP,VCB4
PTE,VC96
PTP,VC96
PTE,VC96
PTP,VC96
PTC,VC96
PTC,VCB4
PTP,VCD2
PTE,VC96
PTP,VC96
PTE,VC96
PTP,VC96
PTP,VC96
PTC,VCB4
PTE,VC96
PTC,VCD2
PTE,VCB4
PTP,VC96
PTP,VC96
PTP,VCB4
PTC,VCD2
PTP,VC96
PTE,VCB4
PTP,VC96
PTC,VCD2
PTP,VC96
PTE,VCD2
PTC,VCB4
PTP,VC96
PTC,VC96
PTC,VC96
PTE,VCB4
PTE,VC96
PTC,VC96
PTP,VCD2
PTP,VCB4
PTP,VC96
PTP,VC96
PTP,VC96
PTC,VC96
PTP,VC96
PTP,VC96
PTP,VC96
PTC,VCD2
PTE,VC96
PTC,VCB4
PTE,VC96
PTE,VC96
PTC,VC96
PTE,VC96
PTP,VCB4
PTE,VC96
PTP,VCD2
PTE,VCB4
PTE,VC96
PTP,VC96
PTC,VCD2
PTE,VC96
PTC,VC96
PTE,VCB4
PTE,VC96
PTC,VC96
PTP,VC96
PTC,VC96
PTP,VCD2
PTC,VC96
PTP,VC96
PTP,VC96
PTE,VC96
PTC,VC96
PTC,VC96
PTP,VC96
PTE,VC96
PTE,VCB4
PTP,VC96
PTP,VC96
PTE,VCB4
PTC,VC96
PTE,VC96
PTE,VCD2
PTE,VCB4
PTC,VC96
PTE,VC96
PTC,VCB4
PTC,VC96
PTC,VCB4
PTE,VC96
PTC,VC96
PTP,VCD2
PTE,VC96
PTE,VCB4
PTC,VC96
PTP,VC96
PTE,VC96
PTP,VCD2
PTC,VC96
PTC,VC96
PTP,VC96
PTC,VC96
PTC,VC96
PTE,VC96
PTC,VC96
PTC,VCD2
PTP,VC96
PTE,VC96
PTC,VCD2
PTP,VC96
PTC,VC96
PTE,VCB4
PTE,VC96
PTC,VCB4
PTP,VC96
PTC,VC96
PTE,VCB4
PTC,VCD2
PTP,VC96
PTC,VCD2
PTC,VCD2
PTE,VC96
PTE,VC96
PTP,VC96
PTP,VCD2
PTC,VCD2
PTC,VC96
PTP,VCD2
PTE,VCD2
PTC,VCD2
PTP,VC96
PTC,VCB4
PTE,VC96
PTP,VC96
PTC,VC96
PTC,VCB4
PTC,VCB4
PTP,VCD2
PTP,VCD2
PTP,VCB4
PTC,VC96
PTP,VC96
PTE,VC96
PTC,VCB4
PTC,VC96
PTC,VCD2
PTE,VCB4
PTP,VC96
PTP,VC96
PTP,VC96
PTE,VCD2
PTE,VC96
PTP,VC96
PTE,VC96
PTP,VCD2
PTC,VC96
PTE,VCB4
PTC,VC96
PTE,VCD2
PTC,VCD2
PTC,VCD2
PTP,VC96
PTP,VC96
PTE,VCB4
PTE,VCD2
PTE,VCB4
PTP,VC96
PTC,VCB4
PTE,VCB4
PTC,VC96
PTP,VCB4
PTC,VCD2
PTP,VC96
PTE,VC96
PTC,VC96
PTP,VC96
PTP,VC96
PTP,VC96
PTC,VC96
PTE,VC96
PTC,VC96
PTE,VCB4
PTE,VCB4
PTP,VC96
PTC,VC96
PTC,VC96
PTC,VC96
PTE,VCD2
PTC,VC96
PTC,VC96
PTP,VC96
PTE,VCD2
PTC,VC96
PTP,VC96
PTC,VCB4
PTP,VC96
PTE,VC96
PTC,VC96
PTP,VCB4
PTC,VCD2
PTE,VC96
PTP,VC96
PTP,VCB4
PTP,VCB4
PTE,VC96
PTE,VC96
PTE,VCB4
PTP,VCD2
PTC,VCD2
PTE,VCB4
PTE,VCB4
PTC,VCB4
PTE,VC96
PTE,VCB4
PTC,VC96
PTE,VCB4
PTP,VC96
PTC,VC96
PTC,VC96
PTP,VCB4
PTE,VC96
PTE,VCB4
PTC,VC96
PTP,VC96
PTC,VC96
PTC,VCB4
PTC,VC96
PTE,VCB4
PTP,VC96
PTP,VCD2
PTC,VC96
PTE,VCD2
PTE,VC96
PTE,VCD2
PTC,VC96
PTE,VC96
PTP,VC96
PTE,VC96
PTE,VC96
PTP,VCD2
PTP,VCD2
PTC,VC96
PTP,VC96
PTP,VCB4
PTC,VCD2
PTE,VC96
PTP,VCD2
PTC,VC96
PTE,VC96
PTE,VC96
PTP,VC96
PTE,VCB4
PTC,VCD2
PTE,VC96
PTP,VCB4
PTC,VC96
PTE,VCB4
PTP,VC96
PTC,VCB4
PTP,VC96
PTP,VCD2
PTE,VC96
PTP,VC96
PTP,VCB4
PTC,VC96
PTP,VCB4
PTP,VC96
PTE,VCD2
PTE,VC96
PTE,VC96
PTP,VCB4
PTC,VC96
PTP,VCD2
PTC,VC96
PTE,VCB4
PTC,VCD2
PTE,VC96
PTC,VC96
PTP,VC96
PTE,VC96
PTP,VC96
PTE,VC96
PTP,VC96
PTE,VCB4
PTP,VCB4
PTC,VC96
PTC,VC96
PTP,VC96
PTP,VC96
PTE,VCB4
PTP,VCB4
PTP,VCB4
PTP,VC96
PTE,VC96
PTE,VC96
PTC,VC96
PTE,VCB4
PTC,VCB4
PTC,VC96
PTP,VCB4
PTC,VC96
PTE,VC96
PTE,VC96
PTC,VC96
PTE,VCD2
PTE,VCD2
PTC,VC96
PTE,VC96
PTC,VC96
PTE,VC96
PTE,VC96
PTC,VC96
PTP,VC96
PTE,VCD2
PTC,VC96
PTP,VC96
PTE,VC96
PTP,VCD2
PTC,VC96
PTE,VC96
PTP,VC96
PTE,VCD2
PTP,VC96
PTE,VC96
PTE,VC96
PTP,VC96
PTC,VC96
PTC,VCD2
PTP,VC96
PTP,VC96
PTE,VC96
PTP,VC96
PTE,VCB4
PTE,VCB4
PTE,VC96
PTE,VCB4
PTP,VCB4
PTC,VCD2
PTC,VC96
PTC,VCB4
PTP,VC96
PTP,VC96
PTC,VCB4
PTC,VCB4
PTP,VC96
PTE,VC96
PTP,VC96
PTP,VCD2
PTP,VCB4
PTC,VCD2
PTE,VCD2
PTP,VC96
PTE,VC96
PTC,VC96
PTE,VC96
PTP,VC96
PTP,VC96
PTE,VC96
PTC,VC96
PTC,VCD2
PTC,VC96
PTC,VCB4
PTE,VC96
PTC,VCB4
PTE,VC96
PTC,VC96
PTP,VCB4
PTE,VC96
PTE,VC96
PTC,VCB4
PTE,VC96
PTC,VCD2
PTP,VCB4
PTP,VCD2
PTE,VC96
PTC,VCD2
PTC,VC96
PTE,VC96
PTC,VC96
PTP,VC96
PTE,VC96
PTC,VCB4
PTP,VCB4
PTP,VCB4
PTC,VCB4
PTE,VC96
PTE,VC96
PTC,VC96
PTC,VC96
PTC,VC96
PTP,VC96
PTP,VC96
PTP,VC96
PTC,VCB4
PTE,VCB4
PTC,VC96
PTE,VCD2
PTE,VC96
PTP,VC96
PTC,VC96
PTE,VCB4
PTC,VC96
PTP,VCB4
PTC,VC96
PTE,VC96
PTP,VC96
PTE,VCB4
PTP,VCB4
PTC,VC96
PTC,VCB4
PTC,VC96
PTP,VC96
PTP,VCB4
PTP,VC96
PTC,VCB4
PTE,VC96
PTE,VC96
PTE,VC96
PTP,VC96
PTP,VC96
PTP,VCB4
PTE,VCB4
PTP,VC96
PTC,VC96
PTE,VCB4
PTP,VCB4
PTC,VC96
PTP,VCD2
PTC,VC96
PTE,VC96
PTE,VC96
PTP,VC96
PTC,VCB4
PTE,VC96
PTC,VCD2
PTC,VC96
PTP,VC96
PTC,VCB4
PTP,VCD2
PTP,VC96
PTC,VC96
PTE,VC96
PTP,VC96
PTE,VC96
PTC,VC96
PTE,VCD2
PTE,VC96
PTE,VCB4
PTE,VCD2
PTP,VC96
PTC,VCD2
PTC,VC96
PTE,VCD2
PTP,VC96
PTC,VC96
PTC,VC96
PTC,VC96
PTE,VC96
PTE,VC96
PTC,VCB4
PTP,VCD2
PTE,VCB4
PTC,VC96
PTC,VC96
PTE,VCD2
PTC,VCD2
PTC,VC96
PTP,VCB4
PTC,VC96
PTC,VCD2
PTC,VC96
PTE,VC96
PTE,VCB4
PTC,VC96
PTE,VC96
PTC,VC96
PTC,VC96
PTC,VCB4
PTC,VC96
PTE,VC96
PTE,VC96
PTP,VCB4
PTP,VCB4
PTC,VC96
PTP,VCB4
PTC,VCD2
PTC,VCB4
PTP,VC96
PTE,VC96
PTE,VC96
PTE,VC96
PTP,VC96
PTE,VCD2
PTP,VC96
PTE,VC96
PTC,VCB4
PTC,VC96
PTP,VC96
PTP,VCB4
PTE,VCD2
PTE,VCD2
PTP,VC96
PTP,VC96
PTC,VC96
PTC,VC96
PTP,VC96
PTC,VCB4
PTP,VCB4
PTC,VCD2
PTE,VC96
PTP,VC96
PTC,VCD2
PTE,VCB4
PTP,VC96
PTC,VCD2
PTP,VCD2
PTP,VC96
PTE,VCB4
PTP,VCB4
PTE,VC96
PTC,VC96
PTC,VC96
PTP,VCB4
PTP,VC96
PTP,VC96
PTP,VCB4
PTE,VC96
PTC,VCB4
PTE,VCD2
PTP,VC96
PTC,VC96
PTP,VC96
PTP,VCD2
PTE,VCB4
PTE,VC96
PTP,VC96
PTC,VC96
PTP,VC96
PTC,VC96
PTE,VCB4
PTP,VC96
PTC,VC96
PTE,VCB4
PTC,VC96
PTC,VC96
PTP,VCB4
PTE,VC96
PTP,VCB4
PTE,VCB4
PTE,VCD2
PTE,VC96
PTE,VC96
PTC,VCB4
PTP,VCD2
PTP,VCD2
PTE,VC96
PTC,VCB4
PTC,VC96
PTP,VC96
PTP,VCB4
PTP,VCB4
PTE,VC96
PTE,VC96
PTP,VC96
PTC,VC96
PTC,VCB4
PTP,VC96
PTE,VCB4
PTP,VCB4
PTC,VC96
PTE,VC96
PTP,VCB4
PTE,VC96
PTC,VC96
PTP,VC96
PTP,VCD2
PTE,VCB4
PTP,VC96
PTP,VCD2
PTE,VC96
PTE,VCB4
PTC,VCD2
PTC,VCB4
PTE,VC96
PTP,VC96
PTP,VCB4
PTE,VC96
PTP,VC96
PTE,VCB4
PTE,VCB4
PTE,VC96
PTP,VC96
PTE,VC96
PTP,VCB4
PTP,VCB4
PTC,VCB4
PTP,VC96
PTC,VCB4
PTE,VC96
PTE,VC96
PTC,VCB4
PTC,VC96
PTC,VC96
PTE,VC96
PTP,VC96
PTC,VC96
PTP,VCB4
PTP,VC96
PTP,VCB4
PTC,VC96
PTC,VC96
PTE,VC96
PTC,VC96
PTP,VCB4
PTC,VCB4
PTP,VC96
PTE,VC96
PTE,VC96
PTC,VCB4
PTE,VCB4
PTC,VCB4
PTC,VC96
PTP,VC96
PTP,VC96
PTE,VC96
PTC,VC96
PTE,VC96
PTC,VCB4
PTC,VC96
PTP,VC96
PTE,VC96
PTP,VC96
PTC,VCB4
PTC,VC96
PTP,VC96
PTE,VC96
PTE,VC96
PTC,VCB4
PTE,VC96
PTE,VC96
PTE,VCB4
PTP,VC96
PTC,VCB4
PTC,VCB4
PTC,VC96
PTP,VCD2
PTE,VCB4
PTP,VC96
PTC,VC96
PTE,VCB4
PTE,VC96
PTC,VC96
PTE,VC96
PTP,VCD2
PTC,VCB4
PTP,VC96
PTP,VC96
PTP,VC96
PTC,VC96
PTP,VC96
PTE,VC96
PTE,VC96
PTP,VC96
PTP,VC96
PTC,VCD2
PTC,VC96
PTC,VCB4
PTC,VC96
PTP,VC96
PTE,VCB4
PTE,VC96
PTE,VC96
PTP,VCB4
PTC,VCB4
PTE,VC96
PTC,VCD2
PTP,VC96
PTC,VCB4
PTP,VC96
PTC,VCB4
PTE,VC96
PTC,VC96
PTE,VC96
PTC,VCB4
PTC,VCB4
PTP,VC96
PTE,VCD2
PTC,VC96
PTE,VCB4
PTC,VCB4
PTC,VC96
PTE,VC96
PTC,VC96
PTC,VC96
PTP,VC96
PTE,VC96
PTP,VC96
PTC,VC96
PTC,VCB4
PTC,VC96
PTP,VCB4
PTP,VC96
PTC,VC96
PTC,VC96
PTC,VCB4
PTE,VCD2
PTC,VC96
PTP,VC96
PTP,VCB4
PTE,VC96
PTC,VCD2
PTP,VCB4
PTE,VC96
PTE,VCB4
PTP,VCB4
PTC,VC96
PTC,VCD2
PTP,VC96
PTP,VC96
PTP,VCB4
PTP,VCB4
PTP,VCB4
PTE,VC96
PTP,VC96
PTC,VCB4
PTE,VCB4
PTE,VC96
PTE,VCD2
PTP,VCB4
PTP,VC96
PTP,VC96
PTP,VC96
PTC,VCB4
PTE,VC96
PTE,VCB4
PTE,VC96
PTP,VC96
PTE,VCD2
PTE,VCB4
PTC,VCD2
PTP,VCD2
PTP,VCB4
PTP,VC96
PTC,VCB4
PTE,VCD2
PTE,VCB4
PTC,VC96
PTC,VC96
PTE,VC96
PTP,VC96
PTE,VC96
PTC,VC96
PTP,VC96
PTC,VCB4
PTC,VCD2
PTP,VC96
PTC,VCD2
PTP,VC96
PTC,VC96
PTC,VC96
PTE,VC96
PTE,VC96
PTE,VC96
PTP,VC96
PTC,VC96
PTC,VC96
PTC,VC96
PTC,VC96
PTE,VCB4
PTP,VC96
PTP,VCB4
PTE,VCD2
PTP,VCB4
PTP,VC96
PTC,VCD2
PTE,VC96
PTC,VC96
PTP,VC96
PTP,VCD2
PTP,VCB4
PTP,VC96
PTE,VC96
PTP,VCD2
PTE,VC96
PTC,VC96
PTC,VC96
PTE,VC96
PTE,VCB4
PTP,VC96
PTC,VCB4
PTC,VCB4
PTC,VC96
PTP,VC96
PTP,VCB4
PTC,VCD2
PTC,VCB4
PTC,VCB4
PTP,VC96
PTE,VC96
PTE,VCB4
PTP,VC96
PTE,VC96
PTC,VC96
PTP,VC96
PTC,VC96
PTP,VCB4
PTE,VCB4
PTP,VC96
PTP,VCD2
PTP,VC96
PTE,VC96
PTE,VC96
PTP,VC96
PTP,VC96
PTE,VCB4
PTP,VC96
PTC,VCB4
PTC,VCD2
PTP,VCB4
PTC,VC96
PTC,VC96
PTP,VCB4
PTE,VC96
PTP,VC96
PTP,VC96
PTP,VC96
PTC,VCB4
PTP,VC96
PTE,VC96
PTE,VC96
PTP,VC96
PTP,VC96
PTC,VC96
PTC,VC96
PTE,VC96
PTP,VC96
PTP,VC96
PTC,VCB4
PTE,VCB4
PTC,VCB4
PTC,VC96
PTE,VC96
PTP,VCB4
PTP,VC96
PTC,VC96
PTE,VCB4
PTC,VC96
PTE,VC96
PTC,VCB4
PTE,VCB4
PTC,VCB4
PTE,VC96
PTE,VCD2
PTP,VCD2
PTE,VCB4
PTP,VCD2
PTC,VC96
PTP,VC96
PTE,VCB4
PTP,VC96
PTC,VCB4
PTC,VC96
PTC,VC96
PTC,VC96
PTC,VC96
PTP,VC96
PTC,VCB4
PTP,VC96
PTP,VC96
PTP,VC96
PTC,VCD2
PTC,VC96
PTC,VC96
PTP,VC96
PTP,VC96
PTE,VC96
PTE,VC96
PTE,VCD2
PTC,VC96
PTC,VC96
PTE,VCB4
PTC,VC96
PTE,VC96
PTP,VCD2
PTP,VC96
PTP,VC96
PTC,VC96
PTP,VC96
PTP,VC96
PTP,VC96
PTE,VC96
PTP,VC96
PTC,VCB4
PTE,VCB4
PTE,VC96
PTC,VC96
PTE,VC96
PTE,VCB4
PTP,VC96
PTE,VCB4
PTC,VC96
PTC,VC96
PTC,VC96
PTC,VCD2
PTP,VCB4
PTE,VC96
PTE,VC96
PTE,VC96
PTE,VC96
PTP,VCB4
PTP,VC96
PTP,VC96
PTE,VCB4
PTC,VC96
PTP,VC96
PTC,VC96
PTC,VCD2
PTC,VCB4
PTC,VCB4
PTP,VC96
PTE,VCD2
PTP,VCB4
PTE,VC96
PTC,VCD2
PTP,VCB4
PTC,VCD2
PTC,VC96
PTE,VC96
PTC,VC96
PTE,VC96
PTE,VC96
PTE,VCB4
PTP,VCB4
PTE,VC96
PTP,VC96
PTE,VC96
PTE,VC96
PTC,VC96
PTP,VC96
PTC,VC96
PTC,VCD2
PTP,VC96
PTP,VC96
PTP,VC96
PTC,VC96
PTC,VC96
PTE,VCB4
PTC,VCB4
PTE,VC96
PTE,VC96
PTP,VC96
PTP,VCB4
PTP,VC96
PTE,VC96
PTP,VCD2
PTC,VC96
PTE,VCB4
PTP,VC96
PTP,VC96
PTC,VCB4
PTC,VC96
PTP,VC96
PTP,VCB4
PTC,VC96
PTE,VC96
PTP,VC96
PTE,VC96
PTE,VC96
PTP,VC96
PTE,VC96
PTP,VCB4
PTP,VC96
PTP,VC96
PTP,VCB4
PTE,VC96
PTP,VC96
PTE,VC96
PTP,VC96
PTC,VC96
PTE,VC96
PTC,VC96
PTP,VC96
PTE,VC96
PTP,VC96
PTP,VC96
PTE,VCB4
PTP,VC96
PTE,VC96
PTE,VCB4
PTE,VC96
PTC,VCB4
PTP,VCD2
PTE,VCD2
PTC,VCD2
PTC,VC96
PTE,VC96
PTP,VC96
PTC,VC96
PTC,VC96
PTE,VC96
PTP,VC96
PTP,VCB4
PTE,VCB4
PTC,VCB4
PTE,VCB4
PTP,VC96
PTC,VC96
PTE,VC96
PTC,VCB4
PTC,VC96
PTE,VCD2
PTC,VCD2
PTP,VC96
PTP,VCB4
PTP,VC96
PTC,VC96
PTC,VCB4
PTP,VC96
PTC,VC96
PTC,VCD2
PTC,VC96
PTC,VC96
PTP,VC96
PTP,VC96
PTP,VC96
PTE,VC96
PTP,VCB4
PTE,VC96
PTC,VCB4
PTP,VCB4
PTC,VC96
PTC,VCB4
PTE,VCD2
PTP,VC96
PTP,VC96
PTP,VC96
PTP,VC96
PTC,VC96
PTP,VCB4
PTC,VC96
PTP,VCB4
PTP,VCD2
PTP,VC96
PTP,VCB4
PTC,VC96
PTP,VCB4
PTC,VC96
PTP,VCB4
PTE,VC96
PTE,VC96
PTE,VC96
PTP,VC96
PTE,VCB4
PTE,VC96
PTE,VC96
PTP,VC96
PTC,VCB4
PTP,VCB4
PTE,VCB4
PTP,VCB4
PTE,VC96
PTP,VC96
PTE,VC96
PTE,VCB4
PTC,VC96
PTC,VC96
PTE,VC96
PTP,VC96
PTE,VCB4
PTP,VC96
PTE,VCD2
PTP,VCD2
PTE,VC96
PTE,VC96
PTE,VC96
PTC,VCB4
PTE,VCB4
PTP,VCD2
PTC,VC96
PTC,VCB4
PTC,VC96
PTP,VC96
PTE,VC96
PTE,VCB4
PTC,VC96
PTE,VC96
PTC,VC96
PTP,VC96
PTC,VC96
PTC,VCB4
PTC,VC96
PTC,VCB4
PTE,VC96
PTE,VCD2
PTE,VC96
PTC,VCB4
PTE,VC96
PTC,VC96
PTE,VCD2
PTC,VCB4
PTC,VCB4
PTE,VC96
PTP,VCB4
PTC,VC96
PTE,VC96
PTP,VC96
PTE,VC96
PTP,VCB4
PTC,VC96
PTE,VC96
PTP,VC96
PTC,VCD2
PTP,VCD2
PTE,VCD2
PTP,VC96
PTC,VC96
PTE,VC96
PTE,VC96
PTC,VC96
PTC,VC96
PTP,VCD2
PTC,VC96
PTE,VCB4
PTE,VC96
PTC,VC96
PTP,VC96
PTE,VC96
PTE,VCB4
PTP,VC96
PTC,VC96
PTP,VC96
PTC,VC96
PTE,VCD2
PTE,VCD2
PTP,VCB4
PTP,VC96
PTE,VCB4
PTC,VC96
PTP,VC96
PTP,VC96
PTC,VC96
PTC,VC96
PTP,VCB4
PTC,VC96
PTC,VCD2
PTE,VC96
PTP,VC96
PTC,VC96
PTC,VC96
PTE,VC96
PTP,VCB4
PTC,VC96
PTE,VCD2
PTC,VC96
PTP,VCB4
PTC,VC96
PTP,VC96
PTE,VCB4
PTP,VCB4
PTE,VCB4
PTC,VC96
PTE,VC96
PTC,VCD2
PTP,VC96
PTC,VC96
PTP,VC96
PTE,VC96
PTC,VC96
PTP,VCB4
PTC,VC96
PTE,VC96
PTP,VC96
PTP,VCB4
PTE,VC96
PTC,VC96
PTC,VC96
PTE,VCD2
PTC,VCB4
PTP,VC96
PTP,VC96
PTC,VC96
PTE,VC96
PTE,VC96
PTP,VCD2
PTP,VC96
PTP,VC96
PTC,VCD2
PTP,VC96
PTC,VC96
PTC,VCD2
PTP,VC96
PTE,VC96
PTP,VCB4
PTE,VCD2
PTE,VC96
PTP,VC96
PTC,VC96
PTE,VC96
PTP,VCB4
PTP,VCB4
PTP,VCD2
PTC,VCD2
PTP,VCB4
PTP,VC96
PTC,VC96
PTE,VC96
PTE,VCD2
PTP,VC96
PTP,VC96
PTC,VCB4
PTE,VC96
PTE,VCB4
PTC,VC96
PTE,VC96
PTE,VC96
PTE,VCD2
PTC,VC96
PTE,VC96
PTP,VCB4
PTP,VC96
PTE,VC96
PTP,VCB4
PTP,VC96
PTE,VC96
PTC,VCB4
PTC,VC96
PTE,VCB4
PTC,VC96
PTP,VCD2
PTP,VC96
PTP,VCB4
PTE,VCB4
PTE,VCD2
PTE,VC96
PTC,VC96
PTC,VC96
PTP,VC96
PTE,VC96
PTE,VC96
PTP,VC96
PTC,VC96
PTP,VC96
PTC,VC96
PTC,VC96
PTE,VC96
PTC,VC96
PTP,VC96
PTP,VCD2
PTE,VC96
PTE,VC96
PTE,VC96
PTP,VC96
PTC,VC96
PTP,VC96
PTE,VCD2
PTP,VCB4
PTP,VC96
PTE,VC96
PTE,VCB4
PTE,VC96
PTP,VC96
PTP,VC96
PTP,VC96
PTE,VC96
PTC,VC96
PTP,VC96
PTP,VC96
PTE,VCB4
PTP,VC96
PTE,VC96
PTC,VC96
PTE,VC96
PTP,VC96
PTE,VC96
PTC,VC96
PTP,VC96
PTP,VCB4
PTC,VCD2
PTP,VC96
PTP,VC96
PTC,VC96
PTE,VC96
PTE,VC96
PTC,VC96
PTE,VCB4
PTP,VC96
PTP,VCB4
PTP,VC96
PTE,VC96
PTP,VC96
PTC,VCB4
PTP,VCB4
PTC,VC96
PTP,VCB4
PTE,VC96
PTC,VCB4
PTC,VC96
PTC,VC96
PTE,VCB4
PTE,VCB4
PTE,VC96
PTE,VC96
PTC,VC96
PTC,VC96
PTE,VC96
PTE,VCD2
PTP,VCB4
PTC,VC96
PTE,VC96
PTE,VC96
PTE,VC96
PTP,VCB4
PTP,VC96
PTE,VCB4
PTP,VCB4
PTP,VC96
PTC,VC96
PTE,VC96
PTC,VC96
PTE,VCB4
PTP,VC96
PTP,VC96
PTE,VC96
PTC,VCD2
PTP,VCD2
PTE,VC96
PTC,VC96
PTP,VCB4
PTE,VCB4
PTC,VC96
PTC,VCB4
PTP,VC96
PTC,VC96
PTE,VC96
PTP,VC96
PTP,VC96
PTE,VC96
PTP,VCB4
PTC,VC96
PTE,VC96
PTE,VCB4
PTP,VCD2
PTE,VCD2
PTE,VCB4
PTC,VCB4
PTE,VC96
PTE,VC96
PTE,VCB4
PTC,VC96
PTE,VCB4
PTE,VC96
PTC,VCD2
PTP,VC96
PTP,VC96
PTP,VC96
PTE,VC96
PTC,VC96
PTC,VCB4
PTP,VCB4
PTE,VCB4
PTP,VCD2
PTC,VCB4
PTC,VC96
PTE,VCB4
PTC,VCB4
PTE,VC96
PTE,VCB4
PTP,VC96
PTE,VC96
PTC,VC96
PTC,VCD2
PTC,VC96
PTP,VC96
PTE,VCB4
PTE,VC96
PTE,VC96
PTC,VCB4
PTE,VCB4
PTP,VC96
PTC,VC96
PTP,VC96
PTC,VCB4
PTE,VC96
PTP,VCD2
PTE,VC96
PTE,VC96
PTP,VCD2
PTP,VCB4
PTP,VC96
PTE,VC96
PTE,VC96
PTP,VC96
PTP,VCB4
PTP,VC96
PTP,VC96
PTC,VC96
PTE,VC96
PTE,VC96
PTC,VC96
PTE,VCB4
PTC,VC96
PTP,VC96
PTP,VC96
PTP,VCD2
PTP,VCD2
PTP,VC96
PTE,VC96
PTP,VC96
PTE,VC96
PTP,VC96
PTP,VCD2
PTC,VC96
PTP,VC96
PTP,VCD2
PTC,VC96
PTC,VC96
PTC,VC96
PTE,VC96
PTE,VC96
PTP,VC96
PTP,VCB4
PTP,VC96
PTE,VC96
PTE,VC96
PTP,VC96
PTC,VCB4
PTP,VC96
PTE,VC96
PTC,VCD2
PTP,VC96
PTP,VCD2
PTE,VC96
PTP,VC96
PTE,VC96
PTE,VC96
PTC,VC96
PTE,VCB4
PTP,VC96
PTE,VCB4
PTC,VC96
PTE,VC96
PTE,VC96
PTC,VC96
PTC,VC96
PTE,VC96
PTE,VC96
PTC,VC96
PTE,VC96
PTE,VC96
PTP,VC96
PTE,VCD2
PTE,VCD2
PTC,VC96
PTP,VC96
PTE,VC96
PTP,VC96
PTC,VCD2
PTP,VC96
PTC,VCD2
PTP,VCB4
PTP,VCB4
PTE,VC96
PTC,VCB4
PTP,VCB4
PTE,VC96
PTP,VC96
PTE,VC96
PTP,VC96
PTP,VC96
PTP,VC96
PTE,VCB4
PTC,VC96
PTP,VC96
PTP,VC96
PTE,VCB4
PTC,VC96
PTC,VC96
PTE,VCD2
PTC,VC96
PTP,VC96
PTP,VCB4
PTP,VCB4
PTP,VCB4
PTP,VC96
PTC,VC96
PTE,VC96
PTC,VC96
PTE,VCB4
PTP,VCB4
PTE,VC96
PTP,VC96
PTC,VC96
PTE,VC96
PTP,VC96
PTE,VC96
PTE,VCD2
PTE,VC96
PTE,VC96
PTC,VCD2
PTC,VC96
PTP,VC96
PTE,VC96
PTP,VC96
PTE,VC96
PTE,VC96
PTE,VCB4
PTP,VC96
PTE,VC96
PTC,VC96
PTE,VC96
PTE,VC96
PTC,VCB4
PTC,VCD2
PTC,VC96
PTP,VC96
PTC,VC96
PTC,VC96
PTC,VC96
PTP,VC96
PTE,VC96
PTC,VC96
PTE,VC96
PTC,VC96
PTP,VC96
PTE,VC96
PTC,VC96
PTP,VCB4
PTE,VC96
PTE,VCB4
PTC,VC96
PTP,VC96
PTP,VCB4
PTE,VC96
PTP,VCB4
PTC,VCD2
PTP,VC96
PTP,VC96
PTC,VCB4
PTC,VC96
PTC,VC96
PTP,VC96
PTC,VC96
PTC,VC96
PTC,VC96
PTP,VCB4
PTE,VC96
PTE,VC96
PTE,VCD2
PTC,VC96
PTP,VC96
PTP,VCD2
PTE,VCD2
PTP,VC96
PTP,VC96
PTP,VCB4
PTE,VCD2
PTC,VCB4
PTP,VCB4
PTE,VC96
PTP,VC96
PTE,VCB4
PTE,VCB4
PTP,VCB4
PTE,VCB4
PTC,VCD2
PTE,VCD2
PTE,VC96
PTP,VCB4
PTE,VC96
PTC,VC96
PTE,VCB4
PTC,VCD2
PTC,VC96
PTP,VC96
PTE,VC96
PTE,VC96
PTC,VC96
PTP,VC96
PTC,VCB4
PTP,VCB4
PTC,VC96
PTC,VC96
PTC,VC96
PTC,VC96
PTE,VCD2
PTC,VC96
PTC,VC96
PTP,VC96
PTC,VC96
PTE,VC96
PTC,VC96
PTC,VCD2
PTE,VC96
PTE,VC96
PTE,VC96
PTP,VC96
PTP,VC96
PTP,VCD2
PTC,VCD2
PTC,VC96
PTE,VC96
PTP,VC96
PTC,VCB4
PTP,VC96
PTC,VC96
PTP,VCB4
PTC,VC96
PTE,VC96
PTE,VCD2
PTE,VCB4
PTP,VCB4
PTE,VCB4
PTP,VC96
PTE,VCB4
PTC,VCB4
PTE,VCB4
PTP,VC96
PTC,VC96
PTC,VC96
PTP,VC96
PTC,VCD2
PTE,VC96
PTP,VCD2
PTP,VCD2
PTP,VC96
PTC,VC96
PTC,VC96
PTP,VCD2
PTE,VC96
PTP,VCD2
PTC,VC96
PTE,VC96
PTP,VCB4
PTP,VC96
PTE,VCD2
PTC,VC96
PTC,VC96
PTP,VCB4
PTC,VC96
PTC,VCB4
PTC,VC96
PTP,VCB4
PTC,VC96
PTP,VCB4
PTC,VC96
PTC,VCB4
PTE,VC96
PTC,VC96
PTE,VCB4
PTP,VCB4
PTC,VCB4
PTE,VC96
PTE,VC96
PTC,VC96
PTP,VCD2
PTC,VC96
PTP,VC96
PTC,VC96
PTE,VC96
PTE,VC96
PTC,VCB4
PTP,VCB4
PTP,VCD2
PTP,VC96
PTP,VC96
PTP,VC96
PTE,VC96
PTE,VC96
PTE,VCB4
PTC,VCB4
PTP,VC96
PTC,VCB4
PTC,VC96
PTC,VCD2
PTC,VC96
PTE,VCB4
PTE,VCB4
PTE,VC96
PTE,VCB4
PTP,VCB4
PTE,VC96
PTE,VCB4
PTC,VCB4
PTE,VC96
PTC,VC96
PTP,VC96
PTP,VC96
PTP,VC96
PTE,VC96
PTP,VC96
PTE,VC96
PTC,VCB4
PTE,VC96
PTC,VCB4
PTC,VC96
PTE,VCB4
PTE,VC96
PTE,VC96
PTC,VC96
PTP,VC96
PTE,VCB4
PTP,VC96
PTP,VC96
PTE,VCB4
PTC,VC96
PTP,VC96
PTE,VCD2
PTE,VC96
PTC,VC96
PTC,VCB4
PTE,VC96
PTP,VCB4
PTC,VC96
PTE,VCB4
PTP,VC96
PTC,VCB4
PTC,VCD2
PTP,VC96
PTE,VC96
PTE,VC96
PTC,VC96
PTE,VCB4
PTE,VC96
PTE,VC96
PTC,VC96
PTP,VC96
PTC,VC96
PTP,VC96
PTP,VC96
PTC,VC96
PTC,VC96
PTC,VC96
PTE,VC96
PTC,VC96
PTC,VC96
PTC,VCB4
PTC,VC96
PTC,VC96
PTC,VC96
PTE,VCB4
PTP,VCB4
PTE,VC96
PTE,VCB4
PTP,VC96
PTC,VC96
PTC,VCB4
PTC,VC96
PTE,VCB4
PTP,VC96
PTE,VC96
PTP,VC96
PTE,VCD2
PTP,VC96
PTE,VC96
PTE,VCB4
PTC,VC96
PTC,VC96
PTE,VCB4
PTC,VC96
PTE,VCD2
PTP,VC96
PTC,VC96
PTE,VC96
PTP,VC96
PTP,VC96
PTE,VC96
PTC,VCD2
PTE,VCB4
PTE,VC96
PTP,VC96
PTC,VCB4
PTC,VC96
PTC,VC96
PTC,VCD2
PTC,VC96
PTP,VC96
PTP,VC96
PTC,VC96
PTC,VC96
PTC,VCB4
PTE,VC96
PTP,VC96
PTP,VC96
PTP,VC96
PTP,VC96
PTE,VCB4
PTE,VCB4
PTP,VCB4
PTE,VCD2
PTE,VC96
PTP,VC96
PTP,VCB4
PTP,VC96
PTE,VC96
PTP,VC96
PTE,VC96
PTC,VC96
PTC,VC96
PTP,VCD2
PTE,VC96
PTE,VCB4
PTE,VCB4
PTC,VCB4
PTP,VCD2
PTC,VCB4
PTP,VC96
PTE,VCB4
PTE,VCB4
PTC,VC96
PTC,VC96
PTC,VC96
PTE,VC96
PTP,VC96
PTC,VC96
PTC,VC96
PTE,VC96
PTC,VCD2
PTE,VCB4
PTP,VC96
PTE,VC96
PTE,VC96
PTC,VC96
PTC,VC96
PTP,VCD2
PTP,VCB4
PTC,VC96
PTE,VC96
PTP,VC96
PTP,VCD2
PTC,VCB4
PTP,VCB4
PTP,VC96
PTP,VC96
PTE,VCB4
PTP,VC96
PTE,VCD2
PTP,VC96
PTC,VCD2
PTP,VC96
PTP,VCD2
PTE,VC96
PTP,VCB4
PTC,VC96
PTC,VC96
PTP,VC96
PTP,VC96
PTC,VCB4
PTE,VC96
PTP,VC96
PTE,VC96
PTC,VCD2
PTP,VCB4
PTE,VCD2
PTC,VCD2
PTE,VCB4
PTE,VC96
PTC,VCB4
PTE,VC96
PTC,VCD2
PTP,VC96
PTC,VC96
PTE,VC96
PTE,VCB4
PTE,VC96
PTP,VCB4
PTE,VC96
PTP,VC96
PTE,VC96
PTC,VC96
PTP,VCD2
PTE,VC96
PTE,VCB4
PTC,VCB4
PTE,VC96
PTP,VC96
PTE,VC96
PTP,VC96
PTC,VCB4
PTC,VCB4
PTE,VC96
PTC,VC96
PTE,VC96
PTE,VC96
PTC,VCB4
PTC,VC96
PTC,VC96
PTC,VC96
PTE,VCB4
PTC,VC96
PTC,VCB4
PTP,VCB4
PTE,VC96
PTE,VC96
PTE,VC96
PTC,VC96
PTE,VC96
PTE,VC96
PTE,VC96
PTP,VC96
PTP,VC96
PTC,VC96
PTE,VC96
PTC,VC96
PTE,VC96
PTE,VC96
PTC,VC96
PTP,VCD2
PTC,VCB4
PTE,VC96
PTE,VC96
PTC,VC96
PTE,VCD2
PTP,VC96
PTP,VCD2
PTP,VC96
PTC,VCB4
PTC,VCD2
PTE,VC96
PTC,VCB4
PTC,VC96
PTP,VCB4
PTE,VC96
PTE,VCB4
PTP,VC96
PTE,VC96
PTP,VC96
PTC,VC96
PTC,VCB4
PTC,VCB4
PTE,VC96
PTE,VC96
PTE,VC96
PTC,VC96
PTE,VCD2
PTP,VC96
PTC,VCB4
PTC,VCB4
PTC,VCD2
PTE,VC96
PTC,VCB4
PTE,VC96
PTE,VCB4
PTC,VC96
PTC,VCD2
PTE,VC96
PTC,VCB4
PTP,VC96
PTC,VCB4
PTE,VCB4
PTE,VC96
PTP,VC96
PTP,VC96
PTP,VCB4
PTC,VC96
PTC,VCD2
PTP,VC96
PTP,VCB4
PTC,VC96
PTP,VC96
PTE,VCD2
PTC,VC96
PTE,VC96
PTC,VC96
PTP,VC96
PTP,VC96
PTP,VCB4
PTE,VCB4
PTE,VC96
PTP,VCB4
PTE,VC96
PTE,VC96
PTE,VCD2
PTC,VCD2
PTE,VC96
PTC,VC96
PTE,VC96
PTP,VC96
PTP,VCD2
PTP,VC96
PTC,VCB4
PTC,VC96
PTE,VC96
PTC,VC96
PTP,VCD2
PTP,VC96
PTC,VCB4
PTC,VC96
PTP,VC96
PTE,VCD2
PTC,VC96
PTE,VC96
PTE,VC96
PTC,VC96
PTE,VC96
PTP,VC96
PTE,VCB4
PTC,VC96
PTC,VCD2
PTE,VCB4
PTE,VCB4
PTE,VCB4
PTE,VCD2
PTP,VC96
PTP,VC96
PTE,VC96
PTE,VCB4
PTC,VCB4
PTE,VC96
PTP,VC96
PTP,VC96
PTE,VC96
PTP,VC96
PTC,VC96
PTC,VC96
PTE,VCB4
PTP,VC96
PTE,VC96
PTP,VC96
PTC,VC96
PTP,VC96
PTC,VC96
PTC,VC96
PTP,VCB4
PTE,VC96
PTC,VC96
PTC,VCB4
PTP,VCB4
PTP,VC96
PTC,VC96
PTE,VCD2
PTP,VCB4
PTP,VC96
PTE,VCB4
PTC,VC96
PTE,VC96
PTE,VCB4
PTP,VC96
PTE,VCD2
PTP,VC96
PTC,VC96
PTE,VC96
PTC,VC96
PTP,VCB4
PTE,VCB4
PTP,VC96
PTC,VCD2
PTC,VCB4
PTP,VC96
PTC,VC96
PTE,VC96
PTE,VCB4
PTE,VCB4
PTE,VCB4
PTC,VC96
PTE,VC96
PTE,VC96
PTP,VC96
PTP,VC96
PTE,VC96
PTP,VCB4
PTC,VC96
PTE,VC96
PTE,VCB4
PTE,VC96
PTP,VC96
PTE,VCD2
PTP,VCD2
PTP,VC96
PTE,VC96
PTP,VC96
PTC,VC96
PTP,VC96
PTE,VC96
PTE,VC96
PTE,VC96
PTE,VC96
PTP,VC96
PTE,VCB4
PTP,VC96
PTE,VCB4
PTE,VC96
PTP,VC96
PTC,VC96
PTE,VC96
PTC,VCB4
PTP,VC96
PTP,VCB4
PTE,VCD2
PTP,VCB4
PTC,VCB4
PTC,VC96
PTC,VCB4
PTE,VCB4
PTE,VC96
PTE,VC96
PTC,VCD2
PTP,VCD2
PTP,VC96
PTC,VC96
PTP,VCB4
PTC,VC96
PTC,VC96
PTE,VC96
PTP,VCD2
PTE,VC96
PTC,VC96
PTP,VCB4
PTE,VC96
PTC,VC96
PTC,VC96
PTP,VC96
PTP,VC96
PTP,VC96
PTC,VC96
PTC,VC96
PTE,VCB4
PTP,VCB4
PTC,VC96
PTP,VC96
PTE,VCB4
PTE,VC96
PTE,VC96
PTE,VC96
PTE,VC96
PTP,VC96
PTP,VCB4
PTE,VC96
PTE,VC96
PTP,VC96
PTP,VC96
PTC,VC96
PTP,VC96
PTE,VC96
PTE,VC96
PTE,VCB4
PTE,VC96
PTP,VCB4
PTP,VCD2
PTE,VCD2
PTE,VC96
PTC,VC96
PTC,VC96
PTP,VC96
PTE,VCD2
PTP,VC96
PTP,VC96
PTP,VCB4
PTE,VCB4
PTC,VC96
PTP,VC96
PTC,VCD2
PTC,VC96
PTE,VC96
PTE,VC96
PTE,VCB4
PTC,VCB4
PTC,VC96
PTE,VC96
PTC,VC96
PTE,VC96
PTP,VC96
PTE,VCB4
PTC,VCB4
PTP,VCB4
PTE,VCD2
PTE,VCB4
PTC,VC96
PTE,VC96
PTP,VCB4
PTC,VC96
PTE,VCB4
PTP,VC96
PTC,VC96
PTP,VC96
PTP,VC96
PTC,VC96
PTC,VC96
PTP,VC96
PTP,VC96
PTP,VC96
PTC,VCB4
PTP,VC96
PTP,VCB4
PTC,VCB4
PTE,VC96
PTE,VCB4
PTP,VC96
PTE,VCD2
PTC,VCD2
PTC,VC96
PTC,VC96
PTC,VCB4
PTE,VC96
PTC,VC96
PTC,VC96
PTE,VC96
PTC,VC96
PTC,VC96
PTP,VC96
PTC,VCD2
PTC,VCB4
PTE,VC96
PTE,VC96
PTP,VC96
PTC,VC96
PTP,VC96
PTP,VC96
PTE,VC96
PTC,VC96
PTE,VC96
PTC,VCB4
PTE,VCB4
PTP,VC96
PTE,VCD2
PTP,VCB4
PTE,VC96
PTP,VC96
PTP,VC96
PTP,VC96
PTP,VC96
PTC,VCD2
PTC,VC96
PTE,VC96
PTP,VC96
PTP,VCB4
PTC,VC96
PTC,VC96
PTE,VC96
PTC,VC96
PTE,VC96
PTC,VC96
PTE,VC96
PTE,VC96
PTC,VCD2
PTP,VC96
PTP,VC96
PTP,VC96
PTE,VCD2
PTC,VC96
PTE,VC96
PTE,VC96
PTC,VCB4
PTE,VC96
PTE,VCB4
PTP,VC96
PTP,VC96
PTC,VC96
PTE,VC96
PTE,VCB4
PTE,VC96
PTE,VC96
PTE,VCB4
PTE,VCB4
PTC,VCD2
PTP,VC96
PTC,VC96
PTC,VCD2
PTP,VC96
PTP,VC96
PTC,VC96
PTP,VC96
PTP,VC96
PTC,VC96
PTE,VC96
PTP,VC96
PTE,VC96
PTE,VC96
PTE,VCD2
PTE,VCB4
PTP,VC96
PTE,VC96
PTE,VC96
PTE,VCB4
PTE,VC96
PTE,VCB4
PTE,VC96
PTC,VC96
PTC,VC96
PTP,VC96
PTE,VC96
PTE,VCB4
PTC,VC96
PTP,VC96
PTC,VC96
PTP,VCB4
PTP,VC96
PTP,VCB4
PTE,VCB4
PTC,VC96
PTC,VC96
PTC,VCB4
PTC,VCB4
PTC,VC96
PTE,VC96
PTC,VC96
PTC,VCB4
PTP,VC96
PTE,VC96
PTP,VC96
PTP,VC96
PTC,VCB4
PTP,VC96
PTC,VC96
PTC,VC96
PTC,VC96
PTE,VCD2
PTE,VC96
PTC,VC96
PTP,VC96
PTP,VC96
PTE,VC96
PTC,VC96
PTE,VC96
PTC,VCB4
PTC,VCB4
PTE,VC96
PTE,VCB4
PTE,VC96
PTC,VC96
PTP,VC96
PTE,VC96
PTC,VC96
PTC,VCB4
PTP,VCB4
PTE,VCB4
PTP,VC96
PTE,VCD2
PTE,VC96
PTC,VCB4
PTC,VCD2
PTC,VC96
PTE,VC96
PTP,VC96
PTE,VCD2
PTP,VC96
PTC,VCB4
PTE,VC96
PTC,VCD2
PTE,VC96
PTP,VCD2
PTE,VC96
PTP,VC96
PTC,VC96
PTE,VC96
PTP,VC96
PTP,VC96
PTC,VCB4
PTC,VCB4
PTE,VCB4
PTP,VC96
PTP,VC96
PTC,VCD2
PTC,VCB4
PTC,VC96
PTE,VC96
PTC,VC96
PTE,VC96
PTC,VCB4
PTC,VC96
PTC,VC96
PTP,VCD2
PTC,VC96
PTC,VCB4
PTP,VCD2
PTC,VC96
PTE,VC96
PTP,VC96
PTC,VCB4
PTP,VC96
PTE,VC96
PTC,VC96
PTP,VCB4
PTP,VC96
PTE,VC96
PTE,VC96
PTP,VC96
PTP,VC96
PTP,VC96
PTC,VC96
PTP,VC96
PTP,VC96
PTE,VC96
PTP,VC96
PTP,VCD2
PTP,VC96
PTE,VCB4
PTC,VC96
PTE,VCD2
PTC,VCB4
PTC,VC96
PTE,VCB4
PTP,VC96
PTE,VCD2
PTE,VCB4
PTP,VC96
PTE,VC96
PTC,VC96
PTE,VC96
PTE,VC96
PTE,VC96
PTC,VC96
PTC,VC96
PTE,VC96
PTC,VCB4
PTC,VC96
PTE,VC96
PTE,VC96
PTE,VC96
PTC,VC96
PTE,VC96
PTE,VC96
PTC,VC96
PTE,VC96
PTE,VC96
PTC,VCB4
PTP,VC96
PTC,VCB4
PTP,VC96
PTE,VC96
PTC,VC96
PTP,VC96
PTE,VC96
PTE,VCB4
PTC,VC96
PTP,VC96
PTC,VC96
PTC,VC96
PTE,VCD2
PTP,VC96
PTP,VC96
PTE,VC96
PTE,VC96
PTP,VC96
PTP,VCD2
PTP,VCB4
PTP,VC96
PTE,VC96
PTP,VC96
PTE,VC96
PTE,VC96
PTP,VC96
PTE,VC96
PTE,VC96
PTE,VC96
PTE,VC96
PTC,VCB4
PTE,VC96
PTE,VC96
PTE,VCD2
PTE,VCB4
PTP,VCB4
PTC,VCB4
PTP,VC96
PTC,VC96
PTC,VCD2
PTP,VC96
PTP,VC96
PTC,VCB4
PTC,VC96
PTC,VCB4
PTP,VC96
PTC,VCB4
PTC,VC96
PTP,VC96
PTC,VC96
PTE,VC96
PTE,VCB4
PTP,VC96
PTP,VC96
PTE,VC96
PTE,VC96
PTC,VCB4
PTE,VC96
PTP,VC96
PTC,VCD2
PTP,VCD2
PTE,VC96
PTE,VCB4
PTC,VC96
PTE,VCB4
PTP,VC96
PTP,VC96
PTC,VCB4
PTP,VCB4
PTP,VC96
PTE,VC96
PTP,VC96
PTP,VC96
PTE,VC96
PTP,VC96
PTC,VC96
PTP,VC96
PTE,VC96
PTC,VC96
PTE,VC96
PTP,VC96
PTP,VC96
PTC,VCB4
PTE,VC96
PTP,VC96
PTP,VCD2
PTC,VC96
PTE,VC96
PTP,VC96
PTE,VC96
PTC,VCD2
PTE,VC96
PTC,VC96
PTC,VC96
PTP,VCD2
PTP,VC96
PTC,VC96
PTE,VC96
PTP,VCD2
PTE,VCB4
PTC,VC96
PTC,VCB4
PTE,VC96
PTP,VCB4
PTC,VC96
PTP,VC96
PTP,VCD2
PTP,VC96
PTC,VCB4
PTP,VC96
PTE,VC96
PTP,VC96
PTP,VC96
PTE,VCD2
PTP,VCD2
PTE,VC96
PTE,VCD2
PTP,VCB4
PTP,VC96
PTE,VC96
PTC,VC96
PTE,VC96
PTC,VC96
PTE,VCD2
PTC,VC96
PTE,VC96
PTE,VC96
PTE,VC96
PTE,VC96
PTP,VC96
PTP,VC96
PTE,VC96
PTP,VC96
PTP,VCB4
PTE,VCB4
PTE,VC96
PTP,VC96
PTE,VCB4
PTC,VC96
PTP,VC96
PTP,VC96
PTC,VCB4
PTP,VC96
PTE,VCD2
PTE,VC96
PTP,VC96
PTE,VCD2
PTC,VC96
PTE,VC96
PTE,VC96
PTC,VCB4
PTE,VC96
PTC,VC96
PTC,VCD2
PTE,VC96
PTC,VC96
PTP,VCB4
PTE,VC96
PTE,VCB4
PTE,VCB4
PTC,VCB4
PTP,VC96
PTP,VC96
PTP,VC96
PTC,VC96
PTC,VC96
PTC,VC96
PTE,VC96
PTP,VCB4
PTC,VC96
PTC,VC96
PTC,VC96
PTP,VC96
PTP,VC96
PTE,VC96
PTC,VCD2
PTC,VC96
PTE,VC96
PTE,VC96
PTP,VC96
PTC,VC96
PTP,VC96
PTE,VC96
PTE,VCB4
PTP,VC96
PTC,VCD2
PTE,VC96
PTP,VC96
PTC,VCD2
PTC,VCB4
PTC,VCB4
PTE,VC96
PTE,VC96
PTC,VC96
PTC,VCB4
PTP,VC96
PTP,VCB4
PTC,VC96
PTE,VCD2
PTE,VC96
PTC,VC96
PTC,VCB4
PTC,VC96
PTC,VC96
PTC,VC96
PTE,VC96
PTC,VCB4
PTE,VCB4
PTE,VC96
PTE,VC96
PTE,VC96
PTC,VCB4
PTP,VC96
PTC,VC96
PTP,VC96
PTE,VC96
PTP,VCB4
PTP,VCD2
PTE,VC96
PTC,VCB4
PTC,VC96
PTC,VC96
PTP,VCB4
PTP,VCD2
PTP,VCB4
PTC,VC96
PTE,VCB4
PTP,VC96
PTE,VCB4
PTP,VC96
PTP,VC96
PTC,VC96
PTC,VC96
PTC,VCB4
PTP,VC96
PTP,VCB4
PTC,VC96
PTP,VC96
PTP,VC96
PTC,VC96
PTE,VC96
PTE,VCD2
PTC,VCB4
PTP,VC96
PTE,VC96
PTE,VCB4
PTC,VCB4
PTE,VC96
PTP,VCD2
PTP,VC96
PTC,VC96
PTP,VC96
PTE,VCB4
PTP,VC96
PTP,VCD2
PTC,VC96
PTE,VC96
PTC,VCB4
PTP,VC96
PTP,VC96
PTC,VCD2
PTC,VCB4
PTP,VC96
PTC,VC96
PTP,VC96
PTE,VC96
PTE,VC96
PTC,VCB4
PTP,VC96
PTE,VCB4
PTP,VC96
PTC,VCB4
PTC,VCB4
PTP,VC96
PTP,VC96
PTP,VCB4
PTE,VC96
PTE,VCB4
PTP,VC96
PTC,VC96
PTE,VCB4
PTP,VCB4
PTC,VC96
PTC,VC96
PTP,VCB4
PTP,VC96
PTE,VCB4
PTE,VCD2
PTC,VC96
PTE,VCB4
PTP,VC96
PTE,VCB4
PTC,VCB4
PTP,VC96
PTE,VCB4
PTP,VC96
PTC,VCB4
PTE,VCB4
PTE,VC96
PTP,VC96
PTC,VC96
PTC,VCB4
PTE,VC96
PTE,VC96
PTP,VC96
PTE,VC96
PTC,VC96
PTC,VC96
PTC,VCB4
PTE,VC96
PTP,VC96
PTC,VC96
PTC,VC96
PTC,VCD2
PTE,VC96
PTP,VC96
PTC,VC96
PTC,VCD2
PTP,VCB4
PTP,VC96
PTC,VC96
PTP,VC96
PTP,VCB4
PTP,VC96
PTP,VC96
PTE,VC96
PTP,VC96
PTE,VC96
PTE,VC96
PTC,VCB4
PTE,VCD2
PTP,VCB4
PTC,VC96
PTC,VC96
PTC,VC96
PTE,VCB4
PTP,VC96
PTC,VC96
PTC,VC96
PTC,VCB4
PTP,VC96
PTP,VCB4
PTC,VCB4
PTE,VCB4
PTE,VC96
PTC,VC96
PTE,VC96
PTP,VCD2
PTC,VC96
PTE,VC96
PTP,VC96
PTP,VC96
PTE,VC96
PTE,VCB4
PTP,VC96
PTE,VC96
PTE,VC96
PTP,VC96
PTP,VC96
PTP,VCB4
PTC,VCB4
PTE,VC96
PTC,VC96
PTE,VC96
PTE,VCB4
PTP,VC96
PTC,VC96
PTE,VC96
PTP,VC96
PTP,VC96
PTC,VCD2
PTC,VCB4
PTP,VC96
PTC,VC96
PTE,VC96
PTC,VC96
PTC,VCD2
PTE,VCB4
PTC,VCD2
PTE,VC96
PTC,VC96
PTE,VCB4
PTC,VC96
PTE,VC96
PTP,VC96
PTE,VC96
PTE,VC96
PTP,VC96
PTC,VCB4
PTC,VC96
PTC,VC96
PTE,VC96
PTP,VC96
PTE,VC96
PTP,VC96
PTE,VC96
PTC,VC96
PTE,VC96
PTE,VC96
PTP,VC96
PTE,VC96
PTE,VCB4
PTP,VC96
PTC,VCD2
PTC,VC96
PTC,VC96
PTE,VCB4
PTE,VC96
PTP,VC96
PTP,VC96
PTC,VC96
PTC,VCB4
PTE,VCB4
PTE,VC96
PTP,VC96
PTC,VCB4
PTE,VCB4
PTP,VC96
PTC,VC96
PTC,VCD2
PTC,VC96
PTE,VC96
PTE,VC96
PTP,VC96
PTC,VC96
PTE,VC96
PTC,VCB4
PTE,VC96
PTP,VC96
PTE,VCB4
PTE,VCD2
PTC,VC96
PTE,VCB4
PTP,VC96
PTC,VC96
PTC,VC96
PTE,VCB4
PTE,VC96
PTE,VC96
PTC,VC96
PTP,VC96
PTC,VC96
PTP,VC96
PTP,VC96
PTP,VC96
PTP,VC96
PTP,VC96
PTC,VCB4
PTP,VC96
PTE,VCB4
PTP,VC96
PTC,VC96
PTC,VC96
PTP,VC96
PTC,VC96
PTC,VC96
PTP,VC96
PTP,VC96
PTP,VC96
PTC,VC96
PTP,VC96
PTE,VC96
PTC,VCB4
PTE,VC96
PTC,VC96
PTC,VCB4
PTP,VC96
PTC,VCD2
PTC,VCD2
PTE,VCB4
PTE,VC96
PTC,VC96
PTP,VCB4
PTP,VC96
PTC,VC96
PTP,VC96
PTE,VC96
PTC,VC96
PTC,VC96
PTP,VC96
PTC,VCB4
PTE,VC96
PTP,VC96
PTE,VC96
PTE,VCB4
PTP,VC96
PTC,VCB4
PTC,VC96
PTP,VCB4
PTP,VCB4
PTE,VC96
PTE,VC96
PTC,VC96
PTE,VC96
PTC,VC96
PTP,VC96
PTC,VCD2
PTE,VC96
PTP,VC96
PTP,VC96
PTC,VC96
PTP,VC96
PTP,VC96
PTE,VCD2
PTE,VC96
PTP,VC96
PTP,VCD2
PTE,VC96
PTE,VC96
PTC,VC96
PTC,VC96
PTE,VC96
PTP,VC96
PTC,VCB4
PTP,VCB4
PTE,VC96
PTE,VCD2
PTE,VC96
PTP,VC96
PTC,VCD2
PTP,VC96
PTC,VC96
PTP,VCB4
PTP,VCB4
PTE,VC96
PTC,VC96
PTC,VCB4
PTC,VCD2
PTP,VC96
PTP,VC96
PTC,VC96
PTC,VC96
PTC,VC96
PTE,VCD2
PTP,VC96
PTP,VCD2
PTC,VC96
PTP,VC96
PTE,VC96
PTP,VCB4
PTP,VC96
PTP,VC96
PTP,VCB4
PTP,VCB4
PTE,VC96
PTE,VCB4
PTE,VC96
PTE,VCB4
PTP,VCB4
PTC,VCB4
PTP,VCD2
PTP,VCB4
PTE,VCB4
PTP,VCB4
PTP,VC96
PTC,VCD2
PTE,VC96
PTP,VC96
PTE,VC96
PTC,VCB4
PTP,VC96
PTP,VC96
PTC,VC96
PTP,VC96
PTP,VC96
PTP,VC96
PTC,VC96
PTC,VC96
PTP,VC96
PTC,VC96
PTC,VC96
PTE,VCD2
PTE,VC96
PTC,VC96
PTP,VCD2
PTP,VCD2
PTC,VC96
PTE,VC96
PTE,VC96
PTE,VCB4
PTE,VC96
PTE,VCB4
PTC,VC96
PTC,VC96
PTP,VC96
PTE,VCD2
PTC,VC96
PTC,VC96
PTC,VCB4
PTP,VC96
PTE,VC96
PTE,VCB4
PTC,VC96
PTE,VC96
PTP,VCB4
PTC,VC96
PTE,VC96
PTE,VC96
PTC,VCB4
PTC,VC96
PTE,VC96
PTP,VC96
PTP,VC96
PTE,VCD2
PTC,VC96
PTE,VC96
PTE,VC96
PTP,VC96
PTP,VC96
PTC,VC96
PTC,VCB4
PTE,VCB4
PTP,VC96
PTC,VC96
PTC,VC96
PTC,VCB4
PTC,VCD2
PTE,VC96
PTP,VC96
PTE,VC96
PTC,VC96
PTE,VC96
PTC,VCD2
PTC,VC96
PTC,VC96
PTP,VCD2
PTP,VCB4
PTC,VC96
PTP,VC96
PTP,VC96
PTP,VC96
PTP,VC96
PTE,VC96
PTC,VCD2
PTC,VC96
PTC,VC96
PTP,VC96
PTE,VCB4
PTP,VC96
PTC,VC96
PTC,VC96
PTP,VC96
PTP,VC96
PTC,VC96
PTC,VC96
PTP,VC96
PTC,VC96
PTP,VCB4
PTE,VC96
PTE,VC96
PTC,VC96
PTC,VC96
PTC,VCB4
PTP,VC96
PTC,VC96
PTE,VCB4
PTE,VC96
PTE,VC96
PTC,VC96
PTC,VCD2
PTE,VC96
PTE,VC96
PTC,VC96
PTP,VC96
PTC,VC96
PTE,VCD2
PTE,VC96
PTP,VCB4
PTE,VC96
PTC,VC96
PTP,VC96
PTC,VCD2
PTE,VCB4
PTC,VC96
PTP,VC96
PTC,VC96
PTC,VC96
PTP,VC96
PTC,VC96
PTP,VC96
PTC,VCB4
PTE,VC96
PTE,VC96
PTE,VCB4
PTC,VCD2
PTE,VCB4
PTC,VC96
PTP,VC96
PTE,VCD2
PTP,VCB4
PTE,VC96
PTP,VC96
PTE,VC96
PTC,VC96
PTE,VCD2
PTP,VC96
PTC,VC96
PTC,VC96
PTC,VCD2
PTE,VC96
PTE,VCB4
PTP,VC96
PTC,VCD2
PTP,VC96
PTE,VCD2
PTP,VCD2
PTP,VC96
PTC,VC96
PTE,VC96
PTC,VC96
PTE,VC96
PTC,VC96
PTE,VC96
PTC,VCD2
PTE,VC96
PTE,VC96
PTC,VC96
PTC,VC96
PTP,VCB4
PTC,VC96
PTP,VC96
PTP,VC96
PTP,VC96
PTC,VC96
PTC,VCD2
PTC,VCB4
PTP,VC96
PTC,VC96
PTC,VC96
PTC,VC96
PTC,VC96
PTC,VC96
PTC,VCB4
PTE,VC96
PTE,VC96
PTC,VC96
PTE,VC96
PTE,VC96
PTE,VCB4
PTC,VC96
PTP,VCD2
PTP,VC96
PTE,VC96
PTE,VCD2
PTE,VC96
PTE,VCD2
PTC,VC96
PTP,VCD2
PTE,VC96
PTC,VC96
PTP,VC96
PTE,VC96
PTE,VCB4
PTP,VC96
PTC,VCB4
PTE,VC96
PTC,VC96
PTC,VC96
PTC,VCB4
PTC,VC96
PTC,VCB4
PTE,VC96
PTP,VC96
PTP,VC96
PTP,VC96
PTP,VC96
PTC,VC96
PTC,VC96
PTP,VC96
PTC,VCB4
PTC,VCB4
PTE,VC96
PTP,VCB4
PTC,VCB4
PTC,VC96
PTC,VCB4
PTP,VCB4
PTC,VC96
PTP,VC96
PTC,VCB4
PTP,VCD2
PTP,VCB4
PTC,VCB4
PTC,VC96
PTE,VCB4
PTP,VCD2
PTC,VCD2
PTE,VC96
PTE,VCB4
PTC,VC96
PTP,VC96
PTP,VC96
PTC,VC96
PTP,VC96
PTE,VC96
PTE,VCB4
PTP,VC96
PTE,VCB4
PTC,VC96
PTE,VC96
PTP,VC96
PTC,VC96
PTC,VC96
PTE,VCD2
PTC,VCB4
PTC,VCB4
PTC,VC96
PTE,VC96
PTC,VC96
PTP,VC96
PTP,VCB4
PTP,VC96
PTC,VC96
PTP,VC96
PTP,VCB4
PTP,VCB4
PTC,VC96
PTE,VC96
PTE,VC96
PTE,VC96
PTE,VC96
PTP,VCB4
PTE,VC96
PTC,VC96
PTE,VC96
PTP,VC96
PTP,VC96
PTC,VC96
PTC,VC96
PTE,VC96
PTC,VC96
PTE,VC96
PTP,VCB4
PTE,VC96
PTC,VC96
PTP,VCD2
PTE,VC96
PTE,VC96
PTP,VCB4
PTP,VC96
PTC,VC96
PTC,VC96
PTP,VC96
PTC,VC96
PTC,VC96
PTP,VC96
PTP,VC96
PTE,VC96
PTE,VCB4
PTP,VC96
PTE,VC96
PTC,VC96
PTP,VCD2
PTE,VC96
PTC,VC96
PTE,VC96
PTP,VC96
PTC,VCB4
PTE,VCB4
PTE,VC96
PTC,VC96
PTC,VC96
PTP,VC96
PTE,VC96
PTE,VC96
PTC,VCB4
PTP,VC96
PTP,VC96
PTC,VCB4
PTP,VCB4
PTC,VC96
PTP,VCB4
PTE,VCB4
PTP,VC96
PTE,VCD2
PTC,VC96
PTE,VCB4
PTE,VC96
PTE,VCD2
PTE,VC96
PTC,VC96
PTC,VC96
PTP,VC96
PTE,VC96
PTE,VC96
PTP,VCD2
PTE,VCB4
PTE,VC96
PTC,VCD2
PTE,VC96
PTP,VCD2
PTC,VCB4
PTP,VC96
PTP,VCB4
PTC,VC96
PTC,VCB4
PTE,VC96
PTP,VC96
PTC,VCD2
PTP,VC96
PTE,VCD2
PTP,VC96
PTE,VC96
PTC,VC96
PTP,VC96
PTE,VCB4
PTC,VCD2
PTE,VC96
PTE,VC96
PTP,VCB4
PTE,VCD2
PTC,VC96
PTE,VC96
PTC,VCB4
PTE,VC96
PTE,VC96
PTC,VCD2
PTE,VCB4
PTP,VC96
PTC,VC96
PTE,VC96
PTE,VC96
PTE,VC96
PTP,VC96
PTC,VC96
PTP,VC96
PTC,VC96
PTP,VCD2
PTP,VC96
PTC,VC96
PTP,VC96
PTC,VC96
PTP,VC96
PTC,VC96
PTP,VC96
PTE,VC96
PTC,VC96
PTP,VCB4
PTE,VC96
PTP,VC96
PTP,VCB4
PTC,VCB4
PTC,VC96
PTC,VC96
PTP,VC96
PTE,VC96
PTC,VC96
PTC,VC96
PTP,VC96
PTP,VCD2
PTE,VC96
PTC,VCD2
PTC,VCB4
PTE,VC96
PTP,VC96
PTP,VCD2
PTP,VCD2
PTE,VCD2
PTP,VC96
PTE,VC96
PTC,VCB4
PTP,VCD2
PTE,VC96
PTC,VCD2
PTE,VCD2
PTP,VC96
PTC,VC96
PTE,VC96
PTE,VCD2
PTP,VC96
PTE,VCB4
PTP,VC96
PTP,VC96
PTE,VC96
PTP,VC96
PTE,VC96
PTC,VCB4
PTP,VC96
PTP,VCB4
PTP,VCD2
PTE,VC96
PTE,VC96
PTE,VC96
PTP,VC96
PTC,VC96
PTP,VCD2
PTC,VC96
PTC,VCB4
PTE,VCB4
PTP,VCB4
PTP,VCB4
PTP,VCD2
PTE,VCD2
PTC,VCB4
PTP,VCB4
PTE,VCD2
PTP,VCB4
PTC,VCB4
PTP,VC96
PTP,VC96
PTP,VC96
PTP,VCB4
PTP,VCB4
PTC,VC96
PTP,VC96
PTE,VC96
PTE,VCD2
PTC,VCB4
PTP,VC96
PTC,VC96
PTP,VC96
PTP,VC96
PTP,VC96
PTE,VC96
PTP,VCB4
PTE,VCD2
PTC,VC96
PTP,VC96
PTP,VC96
PTE,VCB4
PTP,VC96
PTE,VC96
PTP,VC96
PTE,VCB4
PTE,VCB4
PTE,VC96
PTE,VC96
PTC,VC96
PTP,VCD2
PTP,VC96
PTE,VC96
PTC,VCD2
PTE,VCD2
PTP,VC96
PTC,VC96
PTE,VCB4
PTC,VC96
PTE,VCB4
PTC,VC96
PTE,VC96
PTC,VC96
PTP,VC96
PTE,VCB4
PTP,VCD2
PTC,VC96
PTC,VCB4
PTE,VC96
PTE,VCB4
PTC,VC96
PTP,VCB4
PTP,VC96
PTE,VC96
PTC,VCD2
PTP,VCB4
PTP,VC96
PTE,VC96
PTP,VC96
PTC,VC96
PTC,VCB4
PTC,VCD2
PTC,VC96
PTC,VC96
PTC,VC96
PTE,VC96
PTC,VCD2
PTE,VCD2
PTP,VC96
PTE,VCB4
PTC,VC96
PTC,VC96
PTE,VC96
PTE,VC96
PTE,VCD2
PTP,VCB4
PTE,VC96
PTP,VC96
PTP,VC96
PTP,VC96
PTP,VCB4
PTC,VCB4
PTP,VCD2
PTP,VCB4
PTC,VC96
PTE,VC96
PTC,VCB4
PTC,VC96
PTP,VC96
PTE,VC96
PTE,VC96
PTE,VC96
PTC,VCD2
PTP,VC96
PTE,VCB4
PTP,VCD2
PTC,VC96
PTE,VCB4
PTP,VC96
PTE,VC96
PTC,VC96
PTE,VCB4
PTP,VCB4
PTE,VC96
PTE,VC96
PTP,VC96
PTP,VCD2
PTC,VCB4
PTC,VC96
PTP,VCB4
PTP,VC96
PTE,VCB4
PTP,VC96
PTC,VC96
PTP,VC96
PTC,VCB4
PTE,VC96
PTE,VC96
PTC,VC96
PTC,VC96
PTE,VC96
PTP,VC96
PTC,VC96
PTE,VC96
PTC,VCB4
PTC,VCB4
PTC,VCB4
PTC,VC96
PTE,VC96
PTC,VCB4
PTP,VC96
PTE,VC96
PTE,VCB4
PTE,VC96
PTP,VC96
PTC,VC96
PTE,VC96
PTC,VC96
PTE,VC96
PTP,VC96
PTE,VC96
PTC,VCB4
PTE,VCD2
PTP,VC96
PTE,VC96
PTE,VC96
PTC,VCD2
PTC,VC96
PTE,VC96
PTE,VC96
PTC,VC96
PTC,VCB4
PTE,VC96
PTC,VC96
PTP,VC96
PTC,VC96
PTC,VC96
PTE,VC96
PTC,VC96
PTE,VC96
PTE,VCD2
PTC,VCB4
PTC,VC96
PTC,VC96
PTP,VC96
PTE,VC96
PTC,VC96
PTE,VCB4
PTC,VC96
PTP,VC96
PTE,VC96
PTP,VC96
PTC,VC96
PTC,VC96
PTE,VC96
PTC,VCD2
PTP,VC96
PTE,VCD2
PTC,VCD2
PTC,VC96
PTC,VC96
PTP,VCD2
PTC,VC96
PTE,VC96
PTE,VCD2
PTC,VCB4
PTC,VCD2
PTC,VC96
PTE,VC96
PTP,VC96
PTC,VC96
PTC,VCD2
PTC,VC96
PTC,VC96
PTP,VC96
PTE,VC96
PTP,VC96
PTE,VCB4
PTE,VC96
PTE,VC96
PTC,VC96
PTP,VC96
PTP,VC96
PTE,VC96
PTE,VC96
PTE,VC96
PTE,VC96
PTP,VCD2
PTE,VCB4
PTC,VC96
PTP,VC96
PTC,VCD2
PTE,VCB4
PTC,VC96
PTE,VCB4
PTE,VCD2
PTC,VC96
PTP,VC96
PTP,VC96
PTP,VC96
PTE,VC96
PTP,VC96
PTE,VC96
PTC,VCB4
PTC,VC96
PTP,VC96
PTP,VC96
PTC,VCB4
PTC,VCB4
PTE,VC96
PTE,VC96
PTE,VCD2
PTE,VCB4
PTE,VCD2
PTP,VC96
PTP,VCD2
PTC,VC96
PTP,VCB4
PTE,VC96
PTP,VC96
PTE,VCB4
PTC,VCB4
PTC,VCD2
PTC,VC96
PTP,VCB4
PTP,VCD2
PTC,VC96
PTP,VC96
PTP,VC96
PTE,VC96
PTC,VC96
PTC,VC96
PTE,VC96
PTC,VCB4
PTP,VC96
PTP,VC96
PTC,VCD2
PTC,VC96
PTC,VC96
PTE,VCB4
PTE,VC96
PTE,VC96
PTE,VC96
PTP,VC96
PTC,VCB4
PTP,VCD2
PTP,VC96
PTE,VCB4
PTE,VC96
PTE,VC96
PTC,VC96
PTP,VCD2
PTC,VCB4
PTP,VC96
PTE,VCD2
PTP,VC96
PTC,VC96
PTE,VC96
PTP,VC96
PTE,VC96
PTE,VCB4
PTC,VC96
PTE,VC96
PTP,VC96
PTE,VCB4
PTE,VC96
PTP,VC96
PTE,VCB4
PTE,VC96
PTE,VC96
PTC,VC96
PTC,VC96
PTE,VC96
PTE,VCB4
PTP,VCB4
PTP,VC96
PTE,VC96
PTC,VCB4
PTP,VC96
PTE,VC96
PTP,VCD2
PTP,VC96
PTE,VC96
PTC,VC96
PTC,VC96
PTE,VCB4
PTE,VCB4
PTP,VC96
PTC,VCD2
PTC,VCB4
PTC,VC96
PTE,VCB4
PTE,VC96
PTC,VC96
PTC,VC96
PTE,VC96
PTE,VC96
PTC,VC96
PTP,VC96
PTE,VC96
PTE,VC96
PTP,VCB4
PTC,VC96
PTE,VC96
PTP,VCD2
PTE,VC96
PTP,VCD2
PTC,VC96
PTP,VC96
PTC,VCD2
PTP,VC96
PTE,VC96
PTE,VC96
PTE,VCD2
PTE,VC96
PTE,VC96
PTC,VCD2
PTP,VC96
PTE,VC96
PTP,VC96
PTP,VC96
PTC,VC96
PTP,VCB4
PTC,VCB4
PTP,VCB4
PTC,VC96
PTE,VCD2
PTP,VC96
PTP,VC96
PTP,VCB4
PTE,VC96
PTC,VCB4
PTP,VC96
PTP,VC96
PTC,VC96
PTE,VCD2
PTC,VC96
PTC,VCB4
PTC,VCB4
PTC,VC96
PTE,VC96
PTC,VC96
PTP,VC96
PTE,VCB4
PTC,VC96
PTP,VC96
PTC,VCD2
PTE,VC96
PTC,VC96
PTC,VC96
PTC,VCB4
PTP,VC96
PTP,VC96
PTP,VC96
PTE,VC96
PTC,VC96
PTC,VCB4
PTC,VCB4
PTE,VCD2
PTP,VC96
PTC,VCB4
PTE,VC96
PTP,VC96
PTC,VC96
PTE,VC96
PTE,VC96
PTP,VC96
PTC,VC96
PTC,VC96
PTP,VC96
PTP,VCB4
PTC,VC96
PTE,VC96
PTE,VCB4
PTE,VC96
PTP,VCB4
PTC,VC96
PTP,VCD2
PTE,VC96
PTC,VC96
PTE,VCD2
PTP,VC96
PTC,VC96
PTP,VCB4
PTE,VC96
PTE,VC96
PTC,VC96
PTE,VC96
PTP,VC96
PTE,VC96
PTC,VCD2
PTC,VC96
PTP,VC96
PTE,VC96
PTP,VC96
PTE,VCD2
PTP,VC96
PTP,VC96
PTE,VC96
PTP,VC96
PTE,VCD2
PTC,VC96
PTC,VC96
PTC,VC96
PTC,VCD2
PTP,VC96
PTE,VC96
PTE,VC96
PTP,VCD2
PTC,VC96
PTP,VC96
PTE,VC96
PTC,VC96
PTC,VC96
PTE,VC96
PTC,VC96
PTP,VC96
PTC,VC96
PTE,VC96
PTP,VC96
PTE,VC96
PTC,VC96
PTC,VCB4
PTP,VCB4
PTE,VCB4
PTE,VCB4
PTC,VC96
PTP,VC96
PTP,VC96
PTE,VC96
PTC,VC96
PTP,VCB4
PTE,VC96
PTP,VC96
PTE,VC96
PTC,VCB4
PTE,VC96
PTC,VCD2
PTE,VCB4
PTC,VCB4
PTE,VC96
PTE,VCB4
PTE,VC96
PTC,VC96
PTE,VCB4
PTE,VC96
PTP,VC96
PTC,VC96
PTC,VCB4
PTP,VC96
PTP,VCB4
PTE,VC96
PTE,VC96
PTP,VC96
PTP,VC96
PTP,VCD2
PTE,VC96
PTE,VC96
PTC,VC96
PTP,VCD2
PTP,VC96
PTP,VC96
PTE,VC96
PTE,VCD2
PTP,VCD2
PTE,VC96
PTE,VC96
PTC,VCD2
PTC,VC96
PTC,VC96
PTE,VCD2
PTE,VC96
PTE,VC96
PTP,VC96
PTC,VC96
PTC,VC96
PTE,VC96
PTC,VCB4
PTC,VC96
PTC,VC96
PTE,VCB4
PTE,VC96
PTE,VC96
PTE,VC96
PTP,VC96
PTP,VCD2
PTP,VCB4
PTC,VCB4
PTC,VCB4
PTP,VCD2
PTC,VC96
PTC,VC96
PTC,VC96
PTC,VC96
PTC,VCB4
PTP,VCD2
PTP,VC96
PTE,VC96
PTE,VCB4
PTC,VCB4
PTC,VC96
PTE,VCD2
PTP,VC96
PTE,VC96
PTC,VCB4
PTE,VCB4
PTC,VC96
PTP,VCB4
PTE,VC96
PTC,VCB4
PTE,VC96
PTE,VCB4
PTE,VC96
PTP,VCB4
PTC,VCD2
PTP,VCD2
PTC,VC96
PTP,VC96
PTP,VC96
PTE,VCB4
PTC,VCD2
PTC,VC96
PTC,VC96
PTE,VCB4
PTE,VC96
PTP,VC96
PTE,VC96
PTE,VCB4
PTC,VCD2
PTP,VC96
PTC,VCB4
PTP,VCB4
PTE,VC96
PTP,VC96
PTP,VC96
PTE,VC96
PTC,VC96
PTE,VC96
PTC,VCB4
PTE,VCB4
PTP,VC96
PTE,VC96
PTP,VC96
PTP,VC96
PTE,VC96
PTP,VC96
PTE,VCD2
PTP,VC96
PTP,VCB4
PTE,VC96
PTE,VCD2
PTP,VCD2
PTC,VCD2
PTE,VC96
PTP,VCB4
PTP,VC96
PTP,VCD2
PTE,VC96
PTE,VC96
PTC,VCD2
PTC,VCD2
PTE,VC96
PTE,VC96
PTC,VCD2
PTC,VCB4
PTP,VC96
PTE,VC96
PTP,VCD2
PTE,VCB4
PTP,VC96
PTP,VC96
PTP,VC96
PTC,VCB4
PTP,VC96
PTP,VC96
PTE,VCB4
PTP,VC96
PTP,VCB4
PTC,VCD2
PTP,VC96
PTE,VC96
PTC,VC96
PTC,VC96
PTP,VCB4
PTC,VC96
PTP,VCB4
PTE,VC96
PTE,VC96
PTP,VCB4
PTE,VC96
PTE,VCD2
PTP,VC96
PTP,VC96
PTC,VC96
PTE,VC96
PTC,VC96
PTP,VCB4
PTP,VC96
PTE,VC96
PTP,VC96
PTP,VCB4
PTP,VC96
PTP,VCD2
PTE,VCB4
PTC,VC96
PTP,VCB4
PTP,VC96
PTP,VC96
PTP,VC96
PTP,VCB4
PTP,VC96
PTE,VC96
PTE,VCD2
PTC,VC96
PTC,VC96
PTP,VC96
PTP,VC96
PTP,VCB4
PTC,VC96
PTC,VCB4
PTE,VC96
PTC,VC96
PTE,VC96
PTE,VC96
PTE,VCB4
PTC,VCD2
PTE,VC96
PTE,VCD2
PTE,VCB4
PTE,VC96
PTE,VCB4
PTE,VCB4
PTE,VCB4
PTE,VC96
PTE,VC96
PTP,VC96
PTP,VCB4
PTP,VCB4
PTC,VCB4
PTP,VC96
PTP,VCB4
PTP,VCB4
PTP,VC96
PTC,VCB4
PTE,VC96
PTC,VC96
PTC,VCB4
PTP,VC96
PTE,VC96
PTP,VC96
PTP,VC96
PTC,VC96
PTP,VC96
PTP,VC96
PTE,VC96
PTP,VC96
PTC,VC96
PTC,VC96
PTE,VC96
PTP,VCD2
PTE,VC96
PTP,VCD2
PTP,VCB4
PTC,VCD2
PTE,VC96
PTC,VC96
PTP,VCB4
PTP,VCD2
PTC,VCD2
PTE,VC96
PTC,VCD2
PTC,VC96
PTP,VCB4
PTE,VC96
PTP,VC96
PTE,VCB4
PTC,VCB4
PTC,VC96
PTC,VC96
PTC,VCB4
PTE,VC96
PTP,VC96
PTC,VC96
PTP,VCB4
PTC,VC96
PTC,VCD2
PTE,VC96
PTC,VC96
PTE,VC96
PTE,VC96
PTP,VC96
PTC,VCB4
PTE,VC96
PTE,VCB4
PTE,VCB4
PTC,VC96
PTC,VC96
PTE,VC96
PTC,VCB4
PTE,VC96
PTE,VC96
PTE,VC96
PTE,VC96
PTE,VC96
PTP,VCD2
PTC,VCD2
PTP,VC96
PTC,VC96
PTE,VC96
PTC,VC96
PTE,VCD2
PTE,VCB4
PTE,VC96
PTC,VCD2
PTC,VCD2
PTE,VC96
PTC,VC96
PTC,VCD2
PTE,VCD2
PTP,VCB4
PTP,VC96
PTE,VC96
PTC,VC96
PTP,VCB4
PTE,VCB4
PTE,VC96
PTP,VC96
PTP,VCB4
PTC,VCB4
PTP,VC96
PTC,VCB4
PTC,VC96
PTP,VCD2
PTE,VC96
PTE,VC96
PTP,VC96
PTC,VC96
PTC,VCB4
PTP,VC96
PTE,VC96
PTP,VC96
PTP,VCD2
PTE,VC96
PTP,VC96
PTP,VCB4
PTP,VCB4
PTE,VCB4
PTE,VC96
PTE,VCB4
PTC,VC96
PTE,VC96
PTE,VC96
PTE,VC96
PTE,VC96
PTC,VC96
PTP,VCD2
PTE,VCB4
PTE,VC96
PTE,VC96
PTP,VC96
PTC,VC96
PTE,VC96
PTC,VC96
PTP,VCD2
PTC,VC96
PTC,VC96
PTE,VC96
PTC,VC96
PTP,VCD2
PTC,VC96
PTC,VC96
PTP,VC96
PTP,VC96
PTC,VCB4
PTC,VCD2
PTE,VC96
PTE,VC96
PTP,VC96
PTE,VC96
PTE,VC96
PTE,VCD2
PTC,VC96
PTE,VC96
PTC,VC96
PTE,VCD2
PTP,VCB4
PTE,VCD2
PTC,VCD2
PTP,VC96
PTE,VCB4
PTP,VCD2
PTP,VC96
PTE,VC96
PTP,VC96
PTC,VC96
PTP,VC96
PTC,VC96
PTC,VCB4
PTE,VC96
PTP,VC96
PTP,VCB4
PTP,VCB4
PTE,VCD2
PTC,VC96
PTC,VCB4
PTC,VC96
PTE,VCB4
PTP,VC96
PTP,VC96
PTE,VC96
PTE,VC96
PTP,VC96
PTC,VC96
PTE,VC96
PTC,VC96
PTP,VCB4
PTC,VCB4
PTP,VCB4
PTC,VC96
PTC,VC96
PTE,VC96
PTC,VC96
PTE,VCB4
PTE,VC96
PTE,VCB4
PTC,VC96
PTE,VCD2
PTP,VC96
PTP,VC96
PTC,VC96
PTE,VC96
PTP,VC96
PTC,VC96
PTC,VC96
PTC,VC96
PTC,VC96
PTE,VCB4
PTC,VCB4
PTC,VC96
PTE,VCB4
PTP,VCB4
PTP,VCD2
PTP,VC96
PTE,VCD2
PTE,VC96
PTC,VCD2
PTE,VCB4
PTC,VCB4
PTC,VCB4
PTC,VC96
PTE,VCB4
PTE,VC96
PTP,VCD2
PTC,VC96
PTP,VCD2
PTP,VC96
PTP,VC96
PTE,VC96
PTC,VCB4
PTC,VC96
PTC,VCB4
PTP,VC96
PTE,VC96
PTE,VC96
PTC,VC96
PTP,VC96
PTE,VC96
PTP,VC96
PTC,VC96
PTP,VCB4
PTC,VCD2
PTC,VC96
PTP,VC96
PTC,VC96
PTE,VCB4
PTC,VC96
PTC,VCD2
PTP,VCB4
PTP,VCD2
PTP,VCD2
PTP,VCD2
PTC,VCD2
PTE,VCD2
PTP,VC96
PTP,VC96
PTC,VCD2
PTE,VCD2
PTE,VCD2
PTE,VCD2
PTE,VCB4
PTE,VC96
PTC,VC96
PTE,VC96
PTP,VC96
PTE,VC96
PTE,VC96
PTC,VC96
PTC,VCB4
PTP,VC96
PTP,VC96
PTP,VC96
PTE,VC96
PTP,VC96
PTP,VCB4
PTE,VC96
PTE,VCD2
PTC,VC96
PTE,VC96
PTC,VC96
PTP,VC96
PTC,VCB4
PTE,VCB4
PTP,VC96
PTC,VC96
PTE,VCB4
PTE,VC96
PTP,VCB4
PTC,VC96
PTP,VCD2
PTP,VCB4
PTP,VCD2
PTP,VC96
PTE,VC96
PTE,VC96
PTC,VCB4
PTE,VC96
PTP,VCB4
PTC,VC96
PTP,VCD2
PTP,VCD2
PTP,VC96
PTP,VCD2
PTC,VC96
PTC,VC96
PTE,VC96
PTP,VC96
PTP,VC96
PTC,VC96
PTE,VCB4
PTE,VC96
PTP,VC96
PTC,VC96
PTC,VC96
PTP,VC96
PTE,VC96
PTP,VC96
PTE,VC96
PTE,VCB4
PTC,VC96
PTE,VC96
PTC,VCD2
PTE,VC96
PTP,VC96
PTC,VCD2
PTP,VC96
PTP,VC96
PTE,VC96
PTE,VC96
PTC,VC96
PTE,VC96
PTC,VC96
PTC,VC96
PTC,VC96
PTE,VC96
PTC,VC96
PTE,VCB4
PTE,VC96
PTP,VC96
PTE,VC96
PTC,VCD2
PTC,VC96
PTE,VC96
PTC,VCB4
PTC,VC96
PTP,VCB4
PTC,VC96
PTC,VC96
PTE,VCB4
PTP,VCB4
PTP,VCB4
PTC,VC96
PTE,VCB4
PTP,VCB4
PTP,VCD2
PTC,VCB4
PTE,VC96
PTC,VCB4
PTC,VCB4
PTC,VC96
PTE,VCD2
PTE,VC96
PTE,VCD2
PTE,VC96
PTP,VC96
PTE,VC96
PTC,VC96
PTP,VC96
PTE,VCD2
PTE,VCB4
PTC,VC96
PTE,VCB4
PTP,VC96
PTC,VC96
PTC,VC96
PTE,VC96
PTC,VC96
PTC,VC96
PTE,VC96
PTC,VCD2
PTP,VC96
PTC,VCB4
PTP,VC96
PTP,VC96
PTE,VCB4
PTC,VCB4
PTP,VCB4
PTC,VCB4
PTP,VCB4
PTC,VCB4
PTP,VCB4
PTC,VC96
PTE,VCD2
PTC,VC96
PTC,VC96
PTC,VC96
PTC,VC96
PTE,VCB4
PTC,VCB4
PTC,VC96
PTC,VC96
PTP,VC96
PTC,VC96
PTP,VC96
PTC,VCB4
PTP,VC96
PTP,VC96
PTE,VCB4
PTE,VCB4
PTE,VCB4
PTC,VC96
PTE,VCD2
PTC,VC96
PTE,VC96
PTE,VCD2
PTC,VC96
PTE,VC96
PTC,VCD2
PTC,VCB4
PTE,VC96
PTE,VCD2
PTE,VC96
PTC,VCB4
PTC,VC96
PTC,VCB4
PTP,VC96
PTE,VC96
PTC,VC96
PTE,VC96
PTE,VCB4
PTE,VC96
PTC,VC96
PTC,VC96
PTC,VC96
PTC,VC96
PTP,VCB4
PTE,VC96
PTE,VCD2
PTP,VCB4
PTP,VCB4
PTC,VCB4
PTE,VCD2
PTP,VC96
PTE,VCB4
PTC,VC96
PTP,VC96
PTP,VC96
PTE,VCD2
PTE,VC96
PTC,VC96
PTE,VC96
PTC,VC96
PTE,VC96
PTC,VC96
PTP,VC96
PTE,VCD2
PTP,VC96
PTC,VCD2
PTC,VC96
PTC,VC96
PTE,VC96
PTE,VC96
PTP,VC96
PTP,VC96
PTE,VC96
PTC,VC96
PTP,VC96
PTP,VC96
PTC,VCB4
PTC,VCB4
PTP,VC96
PTP,VC96
PTP,VC96
PTP,VCD2
PTE,VC96
PTP,VCB4
PTE,VC96
PTE,VC96
PTE,VC96
PTP,VC96
PTP,VCB4
PTE,VC96
PTE,VC96
PTC,VC96
PTP,VCB4
PTP,VC96
PTP,VCD2
PTP,VC96
PTP,VC96
PTE,VCD2
PTE,VC96
PTP,VC96
PTP,VCD2
PTP,VC96
PTE,VCB4
PTE,VCD2
PTP,VCD2
PTC,VC96
PTE,VC96
PTC,VC96
PTE,VC96
PTC,VC96
PTC,VCB4
PTC,VC96
PTE,VC96
PTC,VCB4
PTP,VC96
PTC,VC96
PTP,VCD2
PTC,VCD2
PTC,VC96
PTE,VCB4
PTP,VC96
PTE,VC96
PTC,VCB4
PTE,VC96
PTC,VC96
PTC,VC96
PTC,VC96
PTE,VC96
PTC,VC96
PTE,VC96
PTP,VCD2
PTP,VC96
PTP,VC96
PTE,VCB4
PTC,VCB4
PTE,VC96
PTP,VC96
PTP,VC96
PTE,VC96
PTC,VC96
PTP,VC96
PTP,VC96
PTC,VC96
PTE,VC96
PTP,VC96
PTC,VC96
PTC,VCD2
PTE,VCD2
PTC,VC96
PTC,VCD2
PTP,VC96
PTC,VCB4
PTC,VCD2
PTC,VC96
PTP,VC96
PTC,VCD2
PTP,VC96
PTP,VC96
PTP,VCB4
PTC,VC96
PTE,VCB4
PTC,VC96
PTE,VC96
PTC,VCB4
PTC,VCD2
PTC,VC96
PTC,VC96
PTP,VC96
PTC,VCB4
PTC,VC96
PTE,VC96
PTP,VC96
PTC,VCB4
PTP,VC96
PTP,VCB4
PTP,VC96
PTC,VCD2
PTP,VC96
PTC,VC96
PTP,VCB4
PTC,VCB4
PTE,VC96
PTP,VC96
PTE,VCB4
PTP,VC96
PTC,VC96
PTE,VC96
PTE,VCB4
PTC,VC96
PTP,VCB4
PTP,VC96
PTP,VC96
PTE,VC96
PTC,VCB4
PTP,VCD2
PTE,VC96
PTE,VC96
PTP,VCD2
PTP,VC96
PTP,VC96
PTP,VC96
PTE,VC96
PTP,VC96
PTE,VC96
PTP,VCB4
PTP,VC96
PTE,VC96
PTP,VC96
PTP,VC96
PTP,VCB4
PTP,VC96
PTE,VC96
PTC,VCD2
PTC,VC96
PTE,VC96
PTE,VCD2
PTC,VC96
PTP,VC96
PTP,VC96
PTC,VC96
PTC,VC96
PTE,VC96
PTE,VCB4
PTE,VC96
PTE,VCB4
PTP,VC96
PTE,VC96
PTP,VC96
PTC,VC96
PTC,VC96
PTC,VCB4
PTC,VC96
PTP,VC96
PTE,VC96
PTE,VC96
PTC,VC96
PTE,VCB4
PTC,VC96
PTP,VC96
PTE,VCB4
PTC,VCB4
PTC,VC96
PTP,VCD2
PTE,VCB4
PTP,VC96
PTP,VC96
PTC,VC96
PTP,VC96
PTE,VCB4
PTC,VC96
PTC,VC96
PTP,VC96
PTE,VCD2
PTE,VC96
PTE,VC96
PTC,VC96
PTE,VC96
PTC,VC96
PTP,VCB4
PTC,VC96
PTP,VCB4
PTE,VCB4
PTP,VC96
PTC,VC96
PTC,VC96
PTC,VCB4
PTP,VC96
PTP,VC96
PTP,VC96
PTE,VC96
PTC,VC96
PTE,VCB4
PTC,VC96
PTP,VC96
PTE,VC96
PTE,VC96
PTC,VCB4
PTE,VCB4
PTC,VCD2
PTE,VC96
PTE,VC96
PTE,VCB4
PTE,VCB4
PTP,VC96
PTC,VC96
PTC,VC96
PTC,VC96
PTP,VC96
PTP,VC96
PTP,VC96
PTP,VC96
PTC,VC96
PTC,VC96
PTC,VCD2
PTC,VC96
PTE,VC96
PTP,VC96
PTP,VC96
PTC,VCB4
PTC,VCD2
PTE,VCD2
PTP,VC96
PTE,VC96
PTC,VC96
PTE,VC96
PTE,VCB4
PTC,VC96
PTE,VCB4
PTC,VCD2
PTE,VC96
PTP,VCB4
PTE,VC96
PTC,VC96
PTP,VC96
PTC,VC96
PTP,VC96
PTE,VC96
PTP,VCB4
PTP,VCB4
PTC,VC96
PTC,VC96
PTC,VC96
PTC,VCD2
PTP,VC96
PTC,VCB4
PTC,VC96
PTC,VC96
PTE,VC96
PTP,VC96
PTP,VC96
PTE,VC96
PTC,VC96
PTC,VC96
PTC,VC96
PTP,VC96
PTE,VC96
PTE,VC96
PTP,VC96
PTE,VCB4
PTP,VC96
PTE,VCB4
PTC,VC96
PTP,VC96
PTE,VCB4
PTE,VCB4
PTP,VCB4
PTC,VC96
PTC,VCB4
PTE,VC96
PTP,VCB4
PTP,VCB4
PTE,VC96
PTP,VC96
PTC,VC96
PTE,VC96
PTC,VCD2
PTC,VC96
PTC,VCB4
PTC,VCD2
PTE,VC96
PTE,VCB4
PTC,VCB4
PTP,VCB4
PTC,VCD2
PTP,VC96
PTE,VC96
PTC,VC96
PTE,VC96
PTP,VC96
PTE,VC96
PTC,VCD2
PTC,VCD2
PTP,VC96
PTP,VC96
PTP,VC96
PTC,VC96
PTE,VC96
PTC,VC96
PTC,VC96
PTP,VC96
PTC,VC96
PTC,VCD2
PTP,VC96
PTE,VCB4
PTC,VCB4
PTE,VC96
PTP,VC96
PTE,VCD2
PTC,VC96
PTE,VC96
PTP,VC96
PTE,VCB4
PTE,VC96
PTE,VC96
PTP,VC96
PTP,VC96
PTP,VC96
PTP,VC96
PTC,VCD2
PTC,VC96
PTE,VC96
PTC,VCD2
PTP,VCD2
PTP,VC96
PTP,VCB4
PTP,VCD2
PTC,VCB4
PTP,VC96
PTP,VC96
PTC,VCB4
PTE,VC96
PTC,VC96
PTC,VCB4
PTE,VC96
PTC,VC96
PTC,VC96
PTE,VC96
PTE,VC96
PTP,VC96
PTE,VCB4
PTE,VCD2
PTE,VC96
PTC,VCB4
PTP,VCB4
PTC,VC96
PTP,VCB4
PTE,VCD2
PTC,VC96
PTE,VC96
PTC,VC96
PTE,VC96
PTC,VC96
PTC,VCB4
PTC,VCB4
PTP,VCB4
PTP,VC96
PTE,VCD2
PTC,VCB4
PTP,VC96
PTE,VC96
PTP,VC96
PTC,VC96
PTE,VC96
PTE,VC96
PTE,VC96
PTE,VC96
PTP,VCB4
PTC,VC96
PTC,VC96
PTP,VC96
PTP,VC96
PTE,VC96
PTC,VCD2
PTP,VC96
PTP,VC96
PTP,VC96
PTP,VC96
PTE,VCD2
PTC,VC96
PTC,VCB4
PTP,VC96
PTP,VC96
PTP,VC96
PTP,VC96
PTC,VC96
PTE,VC96
PTC,VC96
PTE,VC96
PTP,VC96
PTP,VC96
PTC,VC96
PTP,VC96
PTP,VCB4
PTC,VC96
PTE,VCB4
PTP,VCD2
PTP,VC96
PTP,VC96
PTC,VC96
PTE,VCD2
PTP,VC96
PTC,VCD2
PTP,VCD2
PTP,VC96
PTP,VCB4
PTC,VC96
PTC,VCB4
PTC,VC96
PTP,VCB4
PTC,VCB4
PTP,VC96
PTE,VCD2
PTC,VC96
PTC,VC96
PTC,VCD2
PTP,VC96
PTP,VC96
PTE,VCD2
PTE,VCB4
PTP,VC96
PTE,VC96
PTE,VCB4
PTE,VCD2
PTP,VC96
PTC,VC96
PTE,VC96
PTP,VC96
PTE,VC96
PTE,VC96
PTC,VC96
PTE,VC96
PTE,VC96
PTP,VCD2
PTP,VCB4
PTE,VCD2
PTP,VCB4
PTC,VC96
PTE,VCD2
PTP,VC96
PTP,VC96
PTP,VC96
PTP,VCB4
PTE,VCD2
PTP,VC96
PTE,VCB4
PTC,VC96
PTE,VC96
PTE,VCB4
PTE,VC96
PTE,VCD2
PTP,VC96
PTC,VC96
PTP,VC96
PTE,VCB4
PTC,VC96
PTP,VC96
PTP,VC96
PTC,VC96
PTE,VC96
PTP,VC96
PTP,VCD2
PTE,VC96
PTC,VCB4
PTP,VC96
PTC,VC96
PTE,VC96
PTC,VC96
PTP,VCD2
PTE,VC96
PTP,VCD2
PTP,VCD2
PTE,VCB4
PTE,VC96
PTP,VC96
PTP,VC96
PTP,VC96
PTP,VC96
PTP,VC96
PTP,VCB4
PTC,VCB4
PTE,VCB4
PTP,VC96
PTP,VC96
PTC,VCB4
PTE,VCB4
PTC,VCB4
PTP,VCB4
PTP,VC96
PTE,VC96
PTE,VC96
PTE,VC96
PTE,VC96
PTC,VC96
PTE,VCB4
PTC,VC96
PTE,VC96
PTP,VCB4
PTP,VCD2
PTE,VCB4
PTC,VC96
PTP,VC96
PTP,VCB4
PTC,VC96
PTC,VC96
PTP,VC96
PTC,VC96
PTE,VCB4
PTE,VC96
PTP,VC96
PTP,VC96
PTC,VC96
PTE,VC96
PTE,VC96
PTC,VC96
PTC,VCD2
PTC,VC96
PTP,VC96
PTP,VC96
PTP,VC96
PTC,VC96
PTC,VC96
PTP,VC96
PTE,VC96
PTP,VCD2
PTC,VCD2
PTC,VCB4
PTP,VCB4
PTP,VCB4
PTP,VC96
PTC,VCB4
PTE,VC96
PTE,VC96
PTC,VC96
PTP,VCB4
PTP,VC96
PTE,VC96
PTP,VC96
PTC,VC96
PTE,VCD2
PTP,VC96
PTP,VC96
PTE,VC96
PTC,VC96
PTP,VCD2
PTC,VCB4
PTC,VC96
PTC,VC96
PTP,VCD2
PTE,VC96
PTP,VCD2
PTE,VC96
PTE,VCB4
PTC,VC96
PTC,VC96
PTP,VCD2
PTC,VC96
PTC,VC96
PTP,VC96
PTC,VCB4
PTC,VC96
PTP,VCB4
PTC,VCB4
PTP,VCD2
PTE,VCB4
PTE,VCB4
PTE,VCB4
PTC,VCB4
PTP,VC96
PTP,VCB4
PTC,VC96
PTP,VCB4
PTC,VCB4
PTC,VC96
PTE,VC96
PTE,VCD2
PTC,VC96
PTE,VCD2
PTP,VCB4
PTC,VC96
PTC,VCD2
PTC,VC96
PTE,VCB4
PTP,VC96
PTE,VC96
PTP,VCB4
PTC,VCB4
PTE,VC96
PTC,VCB4
PTC,VC96
PTE,VC96
PTC,VC96
PTE,VCB4
PTC,VC96
PTE,VC96
PTC,VC96
PTP,VCB4
PTE,VC96
PTC,VCB4
PTC,VC96
PTP,VC96
PTP,VC96
PTC,VC96
PTC,VC96
PTE,VC96
PTC,VC96
PTC,VCD2
PTE,VC96
PTP,VCD2
PTC,VCD2
PTP,VCB4
PTE,VC96
PTC,VCD2
PTE,VC96
PTE,VCD2
PTE,VCD2
PTP,VC96
PTE,VCB4
PTC,VC96
PTE,VC96
PTE,VC96
PTP,VC96
PTP,VC96
PTE,VC96
PTP,VC96
PTP,VC96
PTC,VCB4
PTC,VC96
PTP,VCB4
PTE,VCB4
PTC,VC96
PTE,VCD2
PTP,VC96
PTE,VC96
PTP,VC96
PTE,VCB4
PTC,VCB4
PTE,VC96
PTE,VC96
PTC,VCD2
PTC,VC96
PTE,VC96
PTC,VC96
PTE,VC96
PTP,VC96
PTP,VCB4
PTP,VC96
PTE,VC96
PTE,VC96
PTE,VC96
PTP,VC96
PTC,VCB4
PTC,VCB4
PTE,VC96
PTC,VC96
PTC,VCB4
PTP,VCB4
PTP,VC96
PTP,VC96
PTP,VC96
PTP,VC96
PTE,VC96
PTP,VC96
PTP,VCD2
PTC,VC96
PTP,VC96
PTE,VC96
PTC,VC96
PTP,VCB4
PTE,VCD2
PTP,VCD2
PTC,VC96
PTP,VC96
PTC,VCD2
PTP,VC96
PTP,VC96
PTE,VC96
PTC,VC96
PTC,VC96
PTP,VC96
PTE,VC96
PTP,VCD2
PTP,VC96
PTE,VC96
PTP,VC96
PTP,VCB4
PTC,VC96
PTE,VCB4
PTP,VCB4
PTC,VCB4
PTE,VC96
PTE,VC96
PTC,VCD2
PTE,VCB4
PTE,VCD2
PTP,VC96
PTP,VCB4
PTC,VC96
PTC,VC96
PTE,VCD2
PTP,VCB4
PTC,VC96
PTP,VCB4
PTE,VC96
PTE,VC96
PTC,VCB4
PTE,VC96
PTE,VC96
PTC,VC96
PTE,VCD2
PTC,VC96
PTE,VCB4
PTP,VC96
PTE,VC96
PTC,VC96
PTE,VCB4
PTP,VC96
PTP,VC96
PTC,VC96
PTP,VC96
PTE,VCD2
PTC,VC96
PTP,VC96
PTE,VC96
PTC,VC96
PTP,VC96
PTP,VC96
PTP,VC96
PTE,VC96
PTP,VCB4
PTE,VC96
PTC,VCB4
PTP,VCD2
PTC,VC96
PTC,VC96
PTP,VCD2
PTE,VC96
PTC,VC96
PTC,VC96
PTC,VCB4
PTP,VC96
PTP,VC96
PTC,VCD2
PTP,VCB4
PTC,VCB4
PTP,VCB4
PTE,VC96
PTC,VC96
PTE,VCD2
PTP,VC96
PTC,VC96
PTP,VC96
PTP,VC96
PTP,VC96
PTP,VC96
PTC,VCB4
PTP,VC96
PTE,VCB4
PTP,VC96
PTE,VCB4
PTP,VCD2
PTC,VCB4
PTP,VC96
PTE,VCB4
PTC,VC96
PTE,VCB4
PTP,VCB4
PTC,VCB4
PTC,VC96
PTC,VCB4
PTP,VCB4
PTE,VC96
PTP,VC96
PTE,VC96
PTP,VC96
PTP,VC96
PTP,VC96
PTE,VC96
PTE,VC96
PTP,VC96
PTE,VC96
PTC,VC96
PTE,VC96
PTE,VC96
PTP,VC96
PTP,VC96
PTC,VC96
PTC,VCB4
PTE,VCD2
PTE,VCB4
PTC,VCB4
PTP,VC96
PTP,VC96
PTP,VC96
PTC,VCB4
PTE,VC96
PTP,VCD2
PTE,VC96
PTP,VC96
PTE,VCB4
PTP,VC96
PTE,VC96
PTP,VCB4
PTP,VCB4
PTP,VC96
PTE,VCB4
PTP,VC96
PTC,VC96
PTC,VC96
PTP,VC96
PTP,VC96
PTE,VCD2
PTP,VC96
PTC,VCB4
PTC,VC96
PTC,VC96
PTC,VCD2
PTC,VCB4
PTE,VCB4
PTC,VCB4
PTE,VC96
PTE,VC96
PTE,VC96
PTC,VCD2
PTC,VC96
PTP,VC96
PTP,VC96
PTC,VCB4
PTP,VCB4
PTP,VC96
PTE,VC96
PTE,VCD2
PTE,VC96
PTC,VC96
PTC,VCB4
PTE,VC96
PTC,VCB4
PTC,VC96
PTP,VC96
PTP,VC96
PTE,VCD2
PTP,VCD2
PTP,VC96
PTP,VCD2
PTE,VCD2
PTP,VC96
PTE,VC96
PTE,VC96
PTC,VCB4
PTP,VCB4
PTC,VC96
PTE,VC96
PTC,VCB4
PTC,VC96
PTE,VC96
PTE,VC96
PTC,VCB4
PTP,VC96
PTC,VCB4
PTC,VCD2
PTP,VC96
PTP,VC96
PTC,VC96
PTP,VCD2
PTC,VCB4
PTE,VC96
PTP,VCD2
PTC,VC96
PTP,VC96
PTE,VCB4
PTP,VC96
PTC,VC96
PTE,VCD2
PTC,VC96
PTP,VCB4
PTP,VCB4
PTP,VC96
PTC,VC96
PTP,VC96
PTP,VC96
PTC,VCB4
PTC,VC96
PTE,VCB4
PTE,VCB4
PTE,VCB4
PTE,VC96
PTP,VCB4
PTC,VC96
PTC,VC96
PTC,VC96
PTP,VC96
PTE,VC96
PTE,VC96
PTP,VC96
PTE,VCB4
PTP,VC96
PTE,VC96
PTE,VC96
PTC,VCB4
PTC,VC96
PTE,VC96
PTP,VCB4
PTE,VC96
PTC,VC96
PTE,VC96
PTP,VC96
PTE,VC96
PTE,VC96
PTP,VC96
PTP,VCB4
PTE,VCB4
PTE,VCB4
PTE,VCD2
PTC,VCB4
PTE,VC96
PTC,VC96
PTE,VC96
PTC,VC96
PTE,VCB4
PTC,VC96
PTP,VCB4
PTC,VC96
PTE,VC96
PTC,VC96
PTC,VCB4
PTE,VCD2
PTC,VC96
PTC,VC96
PTE,VCD2
PTP,VC96
PTP,VC96
PTP,VC96
PTE,VC96
PTP,VC96
PTC,VCB4
PTP,VCB4
PTC,VC96
PTE,VC96
PTP,VC96
PTE,VC96
PTC,VC96
PTP,VCB4
PTP,VCB4
PTC,VC96
PTC,VC96
PTE,VC96
PTC,VC96
PTE,VCB4
PTC,VC96
PTE,VC96
PTP,VC96
PTC,VC96
PTC,VC96
PTE,VC96
PTP,VCD2
PTP,VC96
PTE,VC96
PTE,VC96
PTC,VCB4
PTP,VC96
PTP,VCD2
PTP,VCB4
PTE,VC96
PTP,VC96
PTP,VC96
PTE,VCD2
PTC,VC96
PTP,VCD2
PTC,VC96
PTE,VC96
PTE,VC96
PTP,VC96
PTE,VC96
PTP,VC96
PTC,VC96
PTE,VC96
PTP,VCB4
PTE,VC96
PTE,VC96
PTE,VCB4
PTP,VCD2
PTP,VCB4
PTE,VC96
PTE,VC96
PTE,VCB4
PTP,VC96
PTE,VCB4
PTP,VCB4
PTC,VC96
PTE,VC96
PTP,VC96
PTC,VC96
PTC,VC96
PTC,VC96
PTP,VC96
PTC,VCB4
PTP,VC96
PTE,VCB4
PTE,VC96
PTE,VC96
PTP,VC96
PTC,VCB4
PTE,VCB4
PTC,VC96
PTE,VC96
PTE,VCB4
PTP,VCD2
PTC,VC96
PTE,VCB4
PTE,VCB4
PTP,VC96
PTE,VC96
PTE,VCD2
PTE,VC96
PTE,VC96
PTC,VCB4
PTC,VCB4
PTE,VC96
PTC,VCB4
PTE,VC96
PTE,VC96
PTE,VC96
PTP,VC96
PTP,VCD2
PTE,VCB4
PTE,VC96
PTE,VC96
PTC,VC96
PTE,VCB4
PTE,VCB4
PTP,VCB4
PTE,VCB4
PTE,VCB4
PTP,VC96
PTP,VC96
PTP,VC96
PTE,VC96
PTE,VC96
PTC,VCB4
PTC,VC96
PTE,VC96
PTP,VC96
PTE,VCB4
PTP,VCD2
PTC,VC96
PTP,VC96
PTE,VC96
PTP,VC96
PTP,VC96
PTC,VC96
PTP,VC96
PTE,VC96
PTC,VC96
PTE,VC96
PTP,VCD2
PTP,VC96
PTE,VC96
PTP,VC96
PTE,VCD2
PTC,VC96
PTC,VC96
PTP,VC96
PTP,VC96
PTC,VCB4
PTE,VC96
PTE,VCB4
PTE,VCB4
PTE,VC96
PTC,VC96
PTE,VC96
PTC,VCB4
PTC,VC96
PTC,VC96
PTE,VCB4
PTP,VC96
PTC,VCD2
PTE,VC96
PTE,VCB4
PTP,VC96
PTC,VCB4
PTP,VC96
PTP,VCB4
PTC,VC96
PTC,VC96
PTC,VC96
PTE,VC96
PTC,VCD2
PTC,VC96
PTC,VC96
PTE,VC96
PTC,VCB4
PTP,VC96
PTC,VC96
PTE,VC96
PTE,VCD2
PTE,VCD2
PTC,VC96
PTC,VCB4
PTE,VC96
PTP,VC96
PTE,VC96
PTP,VC96
PTE,VCD2
PTC,VC96
PTP,VC96
PTP,VC96
PTC,VCD2
PTE,VCB4
PTP,VC96
PTP,VCD2
PTP,VCB4
PTE,VC96
PTP,VC96
PTC,VCB4
PTC,VCB4
PTE,VC96
PTP,VCB4
PTP,VCB4
PTC,VCB4
PTP,VCB4
PTC,VC96
PTE,VCD2
PTC,VC96
PTC,VCB4
PTE,VC96
PTP,VCB4
PTP,VC96
PTE,VC96
PTP,VC96
PTE,VC96
PTC,VC96
PTC,VC96
PTC,VC96
PTP,VCD2
PTP,VC96
PTE,VC96
PTC,VC96
PTP,VC96
PTC,VC96
PTC,VCB4
PTE,VC96
PTE,VC96
PTE,VC96
PTC,VC96
PTE,VC96
PTP,VCB4
PTP,VC96
PTE,VC96
PTC,VC96
PTC,VC96
PTC,VCB4
PTC,VCB4
PTC,VC96
PTE,VC96
PTC,VCB4
PTC,VC96
PTC,VC96
PTE,VC96
PTC,VC96
PTE,VCD2
PTP,VC96
PTP,VC96
PTC,VCD2
PTE,VCB4
PTC,VC96
PTC,VC96
PTE,VC96
PTC,VC96
PTE,VC96
PTP,VCB4
PTC,VC96
PTP,VCB4
PTE,VCD2
PTE,VC96
PTP,VC96
PTP,VC96
PTC,VCB4
PTP,VCB4
PTE,VC96
PTE,VCB4
PTC,VC96
PTC,VC96
PTC,VC96
PTP,VC96
PTC,VC96
PTP,VC96
PTC,VC96
PTP,VCB4
PTC,VCB4
PTP,VC96
PTE,VCD2
PTE,VC96
PTE,VCB4
PTP,VCB4
PTC,VCB4
PTE,VCD2
PTE,VC96
PTP,VC96
PTP,VCB4
PTE,VC96
PTC,VC96
PTE,VC96
PTP,VCB4
PTC,VC96
PTE,VCB4
PTC,VC96
PTE,VC96
PTC,VCB4
PTC,VC96
PTE,VCD2
PTC,VC96
PTP,VCD2
PTP,VCD2
PTP,VCB4
PTC,VC96
PTC,VC96
PTC,VC96
PTC,VC96
PTP,VCB4
PTC,VCD2
PTP,VCB4
PTP,VCB4
PTC,VC96
PTP,VC96
PTC,VC96
PTE,VC96
PTP,VC96
PTC,VCB4
PTE,VC96
PTE,VCD2
PTC,VC96
PTP,VC96
PTE,VC96
PTC,VC96
PTC,VCB4
PTP,VC96
PTP,VC96
PTE,VC96
PTE,VC96
PTP,VCB4
PTP,VC96
PTP,VCB4
PTE,VCB4
PTE,VC96
PTP,VC96
PTC,VC96
PTC,VCB4
PTP,VC96
PTC,VC96
PTE,VCB4
PTP,VC96
PTE,VCB4
PTC,VC96
PTE,VCB4
PTC,VCD2
PTE,VCB4
PTE,VC96
PTP,VC96
PTP,VC96
PTC,VC96
PTC,VC96
PTE,VC96
PTE,VCB4
PTE,VC96
PTP,VCD2
PTE,VC96
PTC,VC96
PTP,VC96
PTP,VC96
PTP,VCB4
PTE,VC96
PTC,VC96
PTC,VC96
PTC,VCB4
PTP,VC96
PTP,VC96
PTE,VCD2
PTP,VC96
PTP,VC96
PTC,VC96
PTP,VCB4
PTC,VCD2
PTE,VC96
PTP,VC96
PTE,VC96
PTE,VC96
PTC,VC96
PTC,VC96
PTE,VC96
PTC,VCD2
PTE,VC96
PTP,VC96
PTC,VCB4
PTE,VCB4
PTP,VC96
PTE,VC96
PTE,VCD2
PTC,VC96
PTP,VC96
PTE,VCD2
PTE,VC96
PTP,VC96
PTE,VCD2
PTC,VCD2
PTC,VC96
PTE,VC96
PTE,VC96
PTC,VCB4
PTP,VC96
PTP,VCD2
PTP,VCB4
PTE,VCD2
PTC,VC96
PTE,VCD2
PTP,VC96
PTE,VCB4
PTE,VCB4
PTP,VC96
PTP,VCB4
PTC,VC96
PTC,VCB4
PTC,VCB4
PTC,VC96
PTE,VC96
PTP,VC96
PTP,VC96
PTE,VC96
PTP,VC96
PTE,VC96
PTP,VC96
PTP,VC96
PTP,VC96
PTP,VCD2
PTP,VC96
PTE,VCB4
PTC,VC96
PTC,VC96
PTP,VC96
PTC,VC96
PTE,VC96
PTP,VC96
PTE,VCB4
PTE,VCB4
PTE,VCB4
PTE,VCD2
PTP,VCB4
PTC,VC96
PTP,VCD2
PTP,VC96
PTP,VCB4
PTP,VCB4
PTC,VCB4
PTE,VC96
PTE,VC96
PTE,VC96
PTE,VCD2
PTE,VC96
PTP,VC96
PTC,VC96
PTE,VC96
PTP,VC96
PTE,VC96
PTC,VCB4
PTP,VC96
PTE,VCB4
PTE,VC96
PTP,VC96
PTC,VC96
PTC,VCB4
PTC,VC96
PTE,VC96
PTP,VC96
PTE,VC96
PTC,VC96
PTC,VCB4
PTC,VC96
PTE,VC96
PTP,VCD2
PTC,VCB4
PTC,VC96
PTC,VCB4
PTE,VCD2
PTC,VC96
PTC,VCB4
PTP,VC96
PTP,VC96
PTC,VC96
PTP,VC96
PTE,VC96
PTC,VC96
PTC,VC96
PTE,VC96
PTP,VCD2
PTP,VC96
PTE,VC96
PTE,VC96
PTC,VCB4
PTE,VCD2
PTC,VC96
PTE,VC96
PTE,VC96
PTE,VCD2
PTE,VC96
PTC,VC96
PTE,VCD2
PTP,VC96
PTE,VCD2
PTC,VC96
PTP,VC96
PTC,VCB4
PTC,VC96
PTP,VC96
PTP,VCB4
PTP,VCD2
PTE,VCB4
PTC,VCB4
PTP,VCB4
PTC,VC96
PTC,VCD2
PTE,VCB4
PTE,VCB4
PTP,VC96
PTP,VC96
PTE,VCB4
PTE,VCB4
PTC,VCB4
PTE,VCD2
PTC,VC96
PTC,VCB4
PTP,VCB4
PTC,VC96
PTC,VC96
PTE,VC96
PTC,VC96
PTE,VC96
PTP,VC96
PTC,VC96
PTC,VC96
PTP,VC96
PTP,VC96
PTE,VC96
PTP,VC96
PTE,VC96
PTE,VC96
PTP,VC96
PTP,VCD2
PTP,VC96
PTC,VC96
PTP,VCD2
PTE,VC96
PTE,VC96
PTE,VC96
PTE,VCD2
PTC,VCB4
PTP,VC96
PTE,VC96
PTP,VCB4
PTP,VC96
PTE,VCB4
PTP,VC96
PTP,VC96
PTP,VC96
PTE,VC96
PTE,VCD2
PTP,VC96
PTP,VC96
PTC,VC96
PTC,VCB4
PTP,VCB4
PTP,VC96
PTC,VCB4
PTP,VC96
PTP,VC96
PTE,VC96
PTP,VCB4
PTP,VC96
PTP,VCB4
PTE,VCB4
PTE,VC96
PTE,VC96
PTE,VCB4
PTP,VCB4
PTC,VC96
PTC,VC96
PTC,VCB4
PTP,VCB4
PTE,VC96
PTC,VC96
PTP,VCB4
PTC,VC96
PTP,VCB4
PTE,VCD2
PTE,VCB4
PTC,VCB4
PTP,VCD2
PTP,VC96
PTC,VC96
PTP,VC96
PTE,VC96
PTP,VC96
PTP,VC96
PTP,VC96
PTE,VC96
PTE,VC96
PTC,VC96
PTE,VCD2
PTE,VCB4
PTC,VCB4
PTE,VCB4
PTC,VC96
PTE,VCB4
PTE,VC96
PTP,VC96
PTC,VCB4
PTC,VCB4
PTE,VC96
PTC,VC96
PTE,VC96
PTP,VC96
PTP,VC96
PTP,VC96
PTP,VC96
PTE,VCB4
PTC,VC96
PTC,VC96
PTP,VC96
PTE,VC96
PTE,VCD2
PTP,VCD2
PTE,VC96
PTE,VC96
PTP,VCB4
PTE,VCB4
PTE,VCD2
PTP,VCB4
PTE,VCB4
PTE,VCB4
PTE,VCD2
PTE,VC96
PTC,VC96
PTP,VC96
PTE,VC96
PTC,VC96
PTC,VC96
PTE,VC96
PTP,VC96
PTP,VC96
PTP,VC96
PTE,VCD2
PTP,VC96
PTE,VC96
PTE,VCB4
PTC,VCB4
PTE,VC96
PTP,VC96
PTC,VC96
PTE,VC96
PTE,VCB4
PTC,VC96
PTP,VC96
PTE,VC96
PTP,VCD2
PTE,VCB4
PTP,VC96
PTC,VC96
PTP,VCD2
PTP,VCD2
PTC,VC96
PTP,VC96
PTP,VC96
PTC,VCD2
PTE,VC96
PTE,VC96
PTC,VC96
PTP,VC96
PTE,VCD2
PTC,VC96
PTE,VC96
PTE,VCD2
PTE,VCD2
PTC,VCD2
PTE,VC96
PTC,VCB4
PTC,VCB4
PTE,VCD2
PTP,VCB4
PTP,VCD2
PTE,VC96
PTC,VCB4
PTC,VCD2
PTC,VC96
PTE,VCB4
PTP,VCB4
PTP,VCB4
PTE,VC96
PTP,VCD2
PTC,VCB4
PTP,VC96
PTP,VC96
PTC,VC96
PTP,VCB4
PTE,VCB4
PTP,VC96
PTE,VCB4
PTC,VC96
PTE,VC96
PTE,VCB4
PTC,VC96
PTE,VC96
PTP,VCB4
PTC,VC96
PTP,VCD2
PTP,VC96
PTP,VCB4
PTP,VC96
PTC,VC96
PTP,VCD2
PTP,VC96
PTE,VC96
PTP,VC96
PTE,VC96
PTP,VCB4
PTE,VC96
PTE,VCD2
PTP,VC96
PTP,VC96
PTC,VCD2
PTP,VC96
PTP,VCB4
PTP,VCD2
PTP,VC96
PTP,VC96
PTP,VCB4
PTP,VC96
PTC,VCD2
PTE,VC96
PTP,VC96
PTC,VC96
PTE,VC96
PTC,VC96
PTC,VC96
PTP,VC96
PTE,VCB4
PTC,VCB4
PTP,VCD2
PTC,VC96
PTE,VCD2
PTE,VC96
PTC,VCB4
PTP,VC96
PTE,VC96
PTE,VC96
PTE,VC96
PTC,VC96
PTE,VC96
PTP,VC96
PTE,VCD2
PTP,VC96
PTC,VCB4
PTP,VC96
PTC,VCD2
PTP,VC96
PTC,VC96
PTE,VC96
PTP,VC96
PTP,VC96
PTP,VC96
PTP,VC96
PTC,VC96
PTP,VC96
PTP,VC96
PTC,VC96
PTC,VC96
PTE,VC96
PTC,VC96
PTC,VCB4
PTE,VC96
PTC,VC96
PTC,VCD2
PTP,VCB4
PTP,VC96
PTC,VC96
PTC,VC96
PTE,VC96
PTP,VC96
PTP,VCB4
PTE,VCB4
PTP,VC96
PTP,VCB4
PTC,VCD2
PTP,VC96
PTE,VCB4
PTC,VC96
PTC,VCB4
PTP,VC96
PTE,VC96
PTP,VC96
PTP,VC96
PTC,VCD2
PTP,VCB4
PTE,VC96
PTE,VC96
PTP,VCB4
PTE,VC96
PTP,VCD2
PTP,VC96
PTC,VC96
PTP,VCD2
PTC,VC96
PTP,VC96
PTE,VC96
PTC,VCB4
PTE,VCB4
PTP,VC96
PTE,VCB4
PTP,VCB4
PTE,VCB4
PTE,VC96
PTE,VC96
PTE,VC96
PTP,VC96
PTE,VCB4
PTP,VCD2
PTE,VCD2
PTE,VC96
PTP,VCD2
PTE,VCD2
PTE,VC96
PTE,VC96
PTE,VCD2
PTP,VCD2
PTE,VCB4
PTC,VC96
PTP,VCB4
PTE,VCB4
PTP,VC96
PTE,VC96
PTP,VC96
PTC,VC96
PTC,VC96
PTP,VC96
PTE,VC96
PTC,VCB4
PTC,VCB4
PTE,VC96
PTC,VCB4
PTE,VC96
PTE,VC96
PTE,VC96
PTP,VCD2
PTE,VC96
PTC,VC96
PTP,VC96
PTP,VC96
PTC,VCB4
PTE,VCB4
PTC,VC96
PTP,VC96
PTC,VCB4
PTE,VC96
PTP,VCB4
PTP,VC96
PTC,VC96
PTC,VCB4
PTC,VC96
PTP,VC96
PTE,VCB4
PTP,VCB4
PTC,VC96
PTP,VC96
PTE,VCB4
PTC,VC96
PTC,VC96
PTC,VC96
PTP,VCB4
PTC,VC96
PTC,VCD2
PTP,VC96
PTE,VC96
PTP,VC96
PTP,VCD2
PTE,VC96
PTC,VCB4
PTC,VCB4
PTE,VC96
PTP,VCB4
PTC,VC96
PTP,VC96
PTE,VC96
PTP,VC96
PTP,VC96
PTE,VC96
PTE,VC96
PTP,VC96
PTE,VCB4
PTC,VCB4
PTP,VCB4
PTP,VCB4
PTE,VCD2
PTC,VCB4
PTC,VC96
PTC,VCB4
PTE,VC96
PTE,VCB4
PTE,VC96
PTC,VC96
PTP,VCB4
PTE,VCB4
PTP,VC96
PTC,VCB4
PTC,VC96
PTE,VCB4
PTE,VCD2
PTP,VCD2
PTC,VC96
PTE,VC96
PTE,VC96
PTC,VC96
PTC,VC96
PTC,VCB4
PTP,VCB4
PTP,VCB4
PTE,VCB4
PTP,VCD2
PTE,VCB4
PTP,VC96
PTC,VC96
PTE,VC96
PTP,VCB4
PTP,VCB4
PTC,VC96
PTE,VC96
PTE,VC96
PTE,VCB4
PTE,VC96
PTE,VCB4
PTP,VC96
PTC,VCD2
PTP,VCB4
PTP,VC96
PTP,VC96
PTC,VC96
PTE,VC96
PTE,VC96
PTC,VC96
PTC,VCD2
PTC,VCD2
PTP,VC96
PTC,VC96
PTE,VC96
PTC,VC96
PTC,VCD2
PTC,VC96
PTP,VCB4
PTE,VC96
PTE,VC96
PTP,VC96
PTC,VCB4
PTC,VCD2
PTC,VCB4
PTC,VC96
PTP,VCB4
PTC,VC96
PTC,VCB4
PTP,VC96
PTC,VC96
PTE,VCB4
PTE,VCB4
PTC,VC96
PTE,VC96
PTP,VCD2
PTC,VC96
PTP,VCB4
PTE,VCB4
PTE,VC96
PTP,VC96
PTC,VC96
PTE,VCB4
PTC,VC96
PTC,VC96
PTC,VC96
PTE,VCD2
PTC,VC96
PTP,VC96
PTC,VC96
PTE,VCB4
PTP,VC96
PTC,VC96
PTP,VCB4
PTE,VC96
PTC,VCD2
PTC,VCB4
PTP,VC96
PTP,VCD2
PTC,VCB4
PTC,VC96
PTC,VC96
PTE,VC96
PTC,VCD2
PTC,VCD2
PTC,VCB4
PTC,VC96
PTE,VCB4
PTC,VCB4
PTC,VC96
PTP,VCD2
PTC,VC96
PTE,VC96
PTC,VC96
PTP,VC96
PTP,VCB4
PTE,VC96
PTC,VCD2
PTE,VC96
PTC,VCD2
PTP,VCB4
PTP,VC96
PTP,VC96
PTE,VCD2
PTP,VC96
PTC,VCB4
PTP,VC96
PTP,VCD2
PTP,VC96
PTP,VC96
PTE,VC96
PTC,VCB4
PTP,VC96
PTP,VC96
PTE,VCB4
PTP,VC96
PTE,VC96
PTP,VC96
PTE,VCD2
PTC,VCB4
PTE,VC96
PTE,VC96
PTE,VC96
PTC,VC96
PTC,VC96
PTE,VC96
PTE,VC96
PTC,VC96
PTP,VCB4
PTC,VC96
PTE,VC96
PTP,VCB4
PTP,VCB4
PTP,VCD2
PTE,VC96
PTP,VCB4
PTP,VCB4
PTC,VCB4
PTP,VC96
PTC,VC96
PTP,VC96
PTC,VC96
PTP,VCD2
PTC,VCD2
PTP,VC96
PTE,VC96
PTC,VCD2
PTC,VCB4
PTE,VC96
PTE,VC96
PTC,VC96
PTP,VC96
PTE,VCD2
PTE,VCB4
PTC,VC96
PTC,VCB4
PTC,VC96
PTP,VCB4
PTP,VC96
PTE,VC96
PTC,VCB4
PTE,VC96
PTE,VC96
PTP,VCB4
PTE,VC96
PTE,VC96
PTC,VC96
PTE,VC96
PTP,VC96
PTP,VC96
PTC,VC96
PTE,VC96
PTC,VCB4
PTE,VC96
PTE,VC96
PTC,VCD2
PTC,VC96
PTP,VC96
PTE,VC96
PTE,VCD2
PTP,VCB4
PTP,VC96
PTP,VC96
PTC,VC96
PTE,VC96
PTE,VC96
PTC,VC96
PTE,VC96
PTE,VC96
PTP,VCB4
PTP,VC96
PTC,VC96
PTC,VC96
PTC,VC96
PTC,VC96
PTC,VC96
PTC,VC96
PTP,VCD2
PTC,VCB4
PTC,VC96
PTE,VCB4
PTE,VCD2
PTP,VC96
PTC,VCB4
PTC,VC96
PTC,VC96
PTE,VC96
PTP,VC96
PTP,VCD2
PTC,VCD2
PTE,VCB4
PTC,VC96
PTE,VCB4
PTC,VC96
PTE,VC96
PTC,VC96
PTE,VC96
PTP,VC96
PTP,VC96
PTP,VC96
PTE,VC96
PTE,VCB4
PTC,VC96
PTP,VC96
PTE,VCD2
PTE,VCB4
PTC,VC96
PTP,VC96
PTP,VC96
PTP,VCB4
PTP,VC96
PTC,VC96
PTE,VCD2
PTE,VC96
PTC,VCD2
PTP,VCB4
PTC,VC96
PTC,VC96
PTP,VC96
PTE,VC96
PTE,VCB4
PTP,VCB4
PTC,VC96
PTE,VC96
PTE,VC96
PTE,VC96
PTP,VC96
PTC,VCD2
PTP,VCB4
PTP,VCB4
PTC,VC96
PTE,VCB4
PTE,VC96
PTC,VC96
PTE,VC96
PTE,VC96
PTP,VCB4
PTP,VC96
PTE,VC96
PTE,VC96
PTC,VCB4
PTP,VC96
PTC,VC96
PTP,VCB4
PTC,VCB4
PTC,VCB4
PTC,VCB4
PTE,VC96
PTE,VCB4
PTP,VC96
PTC,VC96
PTC,VCB4
PTC,VC96
PTP,VCD2
PTE,VC96
PTC,VCD2
PTE,VC96
PTE,VCB4
PTE,VC96
PTP,VC96
PTC,VC96
PTC,VCB4
PTE,VC96
PTC,VC96
PTP,VC96
PTC,VCD2
PTP,VCD2
PTC,VC96
PTE,VC96
PTE,VC96
PTP,VC96
PTP,VC96
PTE,VC96
PTE,VC96
PTC,VC96
PTP,VC96
PTE,VCB4
PTP,VC96
PTE,VC96
PTP,VCB4
PTE,VCB4
PTE,VCB4
PTE,VC96
PTC,VCB4
PTP,VC96
PTC,VCB4
PTC,VC96
PTE,VC96
PTE,VC96
PTE,VC96
PTC,VC96
PTP,VC96
PTP,VCB4
PTC,VCD2
PTP,VCB4
PTE,VC96
PTP,VC96
PTC,VCB4
PTE,VC96
PTP,VC96
PTE,VC96
PTC,VC96
PTP,VC96
PTP,VC96
PTP,VCD2
PTE,VC96
PTC,VC96
PTE,VC96
PTC,VC96
PTE,VCD2
PTP,VC96
PTE,VC96
PTP,VC96
PTP,VC96
PTE,VCB4
PTC,VC96
PTP,VCB4
PTE,VC96
PTE,VCD2
PTC,VCD2
PTP,VC96
PTE,VC96
PTP,VCB4
PTE,VCD2
PTE,VC96
PTC,VC96
PTP,VC96
PTP,VC96
PTE,VC96
PTC,VC96
PTP,VC96
PTP,VCD2
PTP,VC96
PTP,VC96
PTP,VCD2
PTE,VC96
PTE,VC96
PTP,VC96
PTC,VC96
PTE,VC96
PTE,VCB4
PTC,VC96
PTE,VC96
PTC,VCD2
PTE,VC96
PTC,VC96
PTE,VC96
PTE,VCB4
PTE,VC96
PTC,VCB4
PTP,VC96
PTC,VCD2
PTE,VC96
PTC,VC96
PTP,VC96
PTE,VCD2
PTC,VC96
PTC,VCB4
PTP,VC96
PTC,VCD2
PTE,VCB4
PTC,VC96
PTC,VC96
PTE,VC96
PTC,VC96
PTE,VCB4
PTC,VCB4
PTC,VC96
PTP,VC96
PTE,VC96
PTP,VC96
PTP,VC96
PTP,VCD2
PTE,VC96
PTE,VC96
PTP,VCB4
PTC,VC96
PTP,VCD2
PTC,VCD2
PTP,VC96
PTC,VCD2
PTE,VC96
PTP,VCD2
PTC,VC96
PTP,VC96
PTC,VC96
PTE,VC96
PTE,VC96
PTE,VCD2
PTE,VCB4
PTP,VCB4
PTE,VCD2
PTC,VC96
PTC,VCB4
PTE,VCB4
PTC,VC96
PTC,VCD2
PTE,VC96
PTE,VCB4
PTC,VCD2
PTE,VCB4
PTE,VCB4
PTC,VC96
PTP,VCD2
PTP,VC96
PTE,VC96
PTC,VC96
PTP,VC96
PTP,VC96
PTP,VCB4
PTC,VC96
PTE,VC96
PTE,VCB4
PTP,VC96
PTP,VCB4
PTC,VC96
PTC,VC96
PTC,VC96
PTE,VC96
PTC,VCB4
PTP,VC96
PTE,VC96
PTC,VC96
PTC,VC96
PTC,VC96
PTP,VCD2
PTC,VCB4
PTP,VCD2
PTE,VC96
PTE,VCB4
PTE,VC96
PTE,VCB4
PTE,VC96
PTE,VCB4
PTC,VCB4
PTC,VC96
PTC,VC96
PTE,VC96
PTC,VC96
PTE,VC96
PTE,VCB4
PTE,VC96
PTP,VC96
PTC,VCD2
PTC,VC96
PTC,VC96
PTC,VC96
PTP,VCB4
PTC,VCD2
PTP,VCB4
PTE,VC96
PTC,VCB4
PTE,VC96
PTP,VC96
PTC,VC96
PTE,VC96
PTC,VCB4
PTE,VC96
PTE,VC96
PTC,VC96
PTC,VC96
PTP,VC96
PTC,VC96
PTP,VC96
PTE,VC96
PTC,VC96
PTC,VC96
PTC,VC96
PTC,VC96
PTC,VCB4
PTE,VC96
PTC,VC96
PTP,VC96
PTE,VCD2
PTP,VC96
PTP,VC96
PTC,VC96
PTP,VC96
PTE,VC96
PTP,VC96
PTE,VCB4
PTP,VC96
PTE,VC96
PTE,VCD2
PTP,VCB4
PTC,VC96
PTE,VC96
PTP,VC96
PTP,VC96
PTC,VC96
PTE,VC96
PTP,VCD2
PTE,VC96
PTP,VC96
PTP,VC96
PTC,VCD2
PTP,VCB4
PTP,VC96
PTC,VC96
PTC,VCD2
PTP,VC96
PTE,VC96
PTP,VC96
PTC,VCB4
PTC,VCB4
PTE,VCD2
PTE,VC96
PTC,VC96
PTC,VCB4
PTE,VC96
PTE,VCB4
PTC,VCB4
PTP,VC96
PTC,VC96
PTC,VCB4
PTP,VC96
PTE,VC96
PTE,VCD2
PTE,VC96
PTP,VCB4
PTP,VC96
PTP,VC96
PTE,VC96
PTP,VC96
PTC,VCB4
PTE,VC96
PTE,VC96
PTC,VC96
PTC,VC96
PTC,VCB4
PTP,VC96
PTE,VC96
PTC,VC96
PTP,VC96
PTP,VC96
PTP,VC96
PTE,VCB4
PTC,VC96
PTP,VCD2
PTE,VCB4
PTE,VC96
PTE,VC96
PTE,VC96
PTP,VC96
PTC,VC96
PTC,VC96
PTE,VCD2
PTC,VCB4
PTE,VC96
PTE,VC96
PTC,VC96
PTE,VC96
PTP,VC96
PTC,VCB4
PTP,VC96
PTP,VC96
PTP,VCB4
PTP,VC96
PTE,VC96
PTP,VCD2
PTP,VC96
PTP,VC96
PTE,VC96
PTE,VCD2
PTE,VCB4
PTC,VCB4
PTP,VCB4
PTP,VC96
PTC,VC96
PTC,VCB4
PTE,VC96
PTP,VC96
PTP,VC96
PTP,VC96
PTE,VC96
PTE,VC96
PTE,VCB4
PTE,VC96
PTP,VC96
PTE,VC96
PTE,VC96
PTC,VC96
PTE,VCB4
PTP,VCB4
PTE,VCD2
PTC,VCB4
PTC,VCB4
PTE,VC96
PTP,VC96
PTC,VC96
PTE,VC96
PTC,VCB4
PTP,VC96
PTE,VC96
PTP,VC96
PTP,VCB4
PTC,VCB4
PTE,VCD2
PTC,VC96
PTC,VCB4
PTP,VC96
PTC,VCD2
PTC,VC96
PTP,VCB4
PTE,VCB4
PTP,VC96
PTC,VCB4
PTE,VC96
PTE,VC96
PTP,VCB4
PTE,VCD2
PTP,VC96
PTP,VC96
PTE,VC96
PTP,VC96
PTE,VCB4
PTC,VC96
PTP,VC96
PTC,VC96
PTP,VC96
PTP,VC96
PTE,VC96
PTP,VC96
PTC,VC96
PTP,VC96
PTE,VC96
PTE,VC96
PTP,VCB4
PTE,VC96
PTC,VCB4
PTC,VC96
PTE,VC96
PTE,VCB4
PTE,VC96
PTE,VCB4
PTC,VCB4
PTP,VC96
PTC,VCB4
PTE,VC96
PTC,VC96
PTP,VCD2
PTE,VCD2
PTP,VC96
PTP,VC96
PTE,VC96
PTE,VC96
PTP,VC96
PTC,VC96
PTP,VCB4
PTE,VC96
PTE,VCD2
PTE,VC96
PTC,VCD2
PTC,VCB4
PTC,VC96
PTC,VC96
PTC,VC96
PTC,VCB4
PTC,VCD2
PTE,VC96
PTP,VCB4
PTP,VC96
PTP,VCD2
PTP,VC96
PTP,VC96
PTC,VC96
PTE,VC96
PTC,VC96
PTE,VCB4
PTC,VC96
PTP,VCD2
PTP,VC96
PTE,VC96
PTE,VCB4
PTC,VC96
PTC,VC96
PTE,VC96
PTP,VCB4
PTP,VC96
PTP,VCB4
PTE,VCD2
PTP,VCB4
PTP,VC96
PTP,VCB4
PTE,VC96
PTE,VCD2
PTP,VC96
PTC,VC96
PTC,VC96
PTE,VC96
PTP,VC96
PTE,VCB4
PTC,VC96
PTP,VC96
PTP,VC96
PTE,VCD2
PTC,VCB4
PTE,VC96
PTE,VCD2
PTC,VC96
PTE,VCB4
PTP,VCB4
PTP,VC96
PTE,VCB4
PTP,VCB4
PTC,VCB4
PTP,VC96
PTP,VCD2
PTP,VCB4
PTC,VC96
PTC,VC96
PTC,VCB4
PTP,VC96
PTP,VC96
PTP,VCB4
PTP,VCB4
PTE,VCB4
PTE,VCB4
PTP,VC96
PTE,VC96
PTC,VC96
PTE,VC96
PTC,VCD2
PTC,VC96
PTC,VC96
PTC,VC96
PTP,VC96
PTP,VC96
PTP,VCB4
PTP,VC96
PTC,VC96
PTE,VC96
PTP,VC96
PTP,VCB4
PTC,VC96
PTC,VC96
PTC,VCD2
PTC,VCB4
PTP,VC96
PTE,VC96
PTP,VC96
PTE,VC96
PTC,VC96
PTE,VCB4
PTE,VC96
PTP,VC96
PTC,VC96
PTC,VCD2
PTE,VC96
PTC,VC96
PTC,VC96
PTP,VC96
PTE,VCB4
PTE,VC96
PTC,VC96
PTE,VCB4
PTE,VCB4
PTE,VCD2
PTC,VCD2
PTC,VC96
PTP,VC96
PTP,VCB4
PTP,VCB4
PTC,VC96
PTP,VC96
PTC,VC96
PTC,VC96
PTC,VCB4
PTP,VCB4
PTE,VC96
PTC,VC96
PTP,VCB4
PTC,VC96
PTC,VCD2
PTC,VC96
PTC,VC96
PTC,VC96
PTP,VCB4
PTC,VCD2
PTC,VCB4
PTP,VCB4
PTE,VC96
PTC,VC96
PTC,VC96
PTC,VC96
PTP,VCB4
PTC,VC96
PTP,VC96
PTC,VC96
PTE,VCD2
PTC,VC96
PTE,VC96
PTC,VC96
PTC,VCD2
PTC,VCB4
PTC,VC96
PTP,VC96
PTP,VC96
PTP,VC96
PTC,VCB4
PTC,VC96
PTP,VCB4
PTE,VCB4
PTP,VC96
PTP,VCB4
PTP,VCD2
PTP,VC96
PTP,VC96
PTP,VCD2
PTC,VC96
PTP,VC96
PTE,VCB4
PTE,VC96
PTC,VC96
PTP,VC96
PTP,VCB4
PTE,VCB4
PTC,VC96
PTP,VC96
PTE,VCD2
PTE,VCB4
PTC,VCD2
PTC,VC96
PTC,VC96
PTP,VCD2
PTP,VC96
PTP,VCD2
PTE,VCB4
PTP,VC96
PTP,VCD2
PTE,VC96
PTE,VC96
PTE,VCB4
PTP,VC96
PTC,VC96
PTP,VC96
PTP,VC96
PTC,VC96
PTP,VC96
PTP,VCD2
PTP,VC96
PTC,VC96
PTE,VCB4
PTP,VC96
PTE,VC96
PTC,VCB4
PTE,VC96
PTP,VC96
PTP,VCB4
PTP,VC96
PTP,VCB4
PTP,VC96
PTP,VCB4
PTE,VC96
PTP,VC96
PTE,VCB4
PTE,VC96
PTC,VCD2
PTC,VC96
PTC,VCB4
PTE,VC96
PTC,VC96
PTP,VC96
PTE,VC96
PTP,VC96
PTP,VCB4
PTE,VC96
PTC,VCB4
PTE,VCB4
PTC,VCB4
PTE,VCB4
PTP,VC96
PTC,VCB4
PTP,VC96
PTC,VCD2
PTP,VC96
PTE,VCB4
PTE,VC96
PTC,VC96
PTC,VCD2
PTP,VC96
PTE,VC96
PTE,VCB4
PTC,VC96
PTP,VCB4
PTC,VC96
PTP,VC96
PTC,VC96
PTE,VCB4
PTP,VC96
PTC,VC96
PTC,VCD2
PTE,VC96
PTP,VC96
PTE,VC96
PTE,VC96
PTC,VC96
PTC,VCB4
PTC,VCB4
PTP,VC96
PTC,VCB4
PTP,VCD2
PTE,VCD2
PTP,VC96
PTE,VCB4
PTC,VC96
PTC,VC96
PTP,VCD2
PTE,VC96
PTC,VC96
PTC,VCB4
PTC,VC96
PTP,VCB4
PTE,VC96
PTE,VC96
PTP,VC96
PTP,VCB4
PTC,VC96
PTP,VCB4
PTC,VC96
PTE,VC96
PTE,VC96
PTE,VCB4
PTP,VCB4
PTC,VCB4
PTP,VC96
PTP,VC96
PTE,VC96
PTP,VC96
PTC,VCB4
PTE,VC96
PTE,VC96
PTE,VC96
PTE,VC96
PTC,VC96
PTE,VC96
PTE,VC96
PTC,VCB4
PTC,VCD2
PTC,VC96
PTC,VCD2
PTC,VCB4
PTP,VC96
PTC,VC96
PTE,VC96
PTP,VCB4
PTP,VCB4
PTE,VC96
PTE,VC96
PTC,VCD2
PTP,VC96
PTC,VCB4
PTC,VC96
PTP,VC96
PTE,VCB4
PTP,VC96
PTP,VCB4
PTP,VC96
PTC,VC96
PTE,VCB4
PTE,VCB4
PTP,VC96
PTE,VC96
PTC,VC96
PTE,VC96
PTP,VCB4
PTP,VCB4
PTC,VC96
PTE,VCB4
PTP,VC96
PTE,VC96
PTP,VC96
PTP,VC96
PTC,VC96
PTP,VC96
PTE,VC96
PTE,VC96
PTC,VCB4
PTC,VC96
PTE,VCB4
PTP,VCD2
PTE,VC96
PTC,VC96
PTE,VC96
PTP,VC96
PTC,VCB4
PTC,VCD2
PTP,VCB4
PTE,VC96
PTC,VC96
PTE,VC96
PTC,VC96
PTP,VCD2
PTE,VC96
PTP,VC96
PTE,VC96
PTP,VCB4
PTE,VCB4
PTE,VC96
PTC,VC96
PTP,VC96
PTC,VC96
PTE,VCB4
PTC,VC96
PTC,VC96
PTC,VCB4
PTC,VC96
PTC,VC96
PTP,VCB4
PTP,VC96
PTC,VC96
PTE,VC96
PTP,VC96
PTP,VC96
PTP,VC96
PTP,VC96
PTP,VC96
PTE,VCD2
PTC,VCB4
PTP,VC96
PTE,VC96
PTP,VCB4
PTE,VCD2
PTC,VC96
PTE,VC96
PTC,VCB4
PTE,VC96
PTE,VC96
PTP,VC96
PTP,VC96
PTC,VC96
PTC,VC96
PTP,VCD2
PTE,VC96
PTP,VCD2
PTP,VC96
PTC,VC96
PTC,VCB4
PTE,VC96
PTP,VC96
PTC,VC96
PTE,VC96
PTC,VC96
PTP,VC96
PTP,VC96
PTP,VC96
PTC,VCB4
PTC,VC96
PTE,VCB4
PTP,VC96
PTP,VCD2
PTC,VC96
PTC,VCB4
PTE,VCB4
PTE,VC96
PTE,VC96
PTP,VC96
PTE,VCB4
PTE,VC96
PTP,VCB4
PTE,VC96
PTE,VCB4
PTP,VC96
PTC,VC96
PTE,VCD2
PTE,VC96
PTE,VC96
PTC,VC96
PTP,VCD2
PTE,VC96
PTP,VCB4
PTP,VC96
PTC,VC96
PTP,VCD2
PTP,VCD2
PTE,VC96
PTP,VC96
PTP,VC96
PTP,VC96
PTP,VC96
PTP,VCD2
PTP,VC96
PTE,VC96
PTP,VC96
PTC,VC96
PTE,VC96
PTE,VCB4
PTC,VC96
PTE,VCB4
PTE,VC96
PTC,VC96
PTE,VC96
PTP,VC96
PTC,VC96
PTP,VC96
PTC,VC96
PTC,VC96
PTC,VC96
PTE,VCB4
PTC,VCD2
PTE,VCD2
PTP,VC96
PTP,VC96
PTC,VC96
PTP,VCB4
PTP,VCB4
PTC,VCD2
PTP,VCB4
PTE,VCD2
PTP,VCB4
PTC,VC96
PTE,VC96
PTE,VCB4
PTE,VCB4
PTP,VC96
PTE,VC96
PTE,VCB4
PTE,VC96
PTP,VCD2
PTC,VC96
PTP,VC96
PTC,VC96
PTC,VCB4
PTC,VC96
PTC,VC96
PTP,VCB4
PTC,VCD2
PTC,VCB4
PTC,VC96
PTP,VCB4
PTC,VC96
PTE,VC96
PTE,VCB4
PTE,VC96
PTE,VCB4
PTP,VC96
PTE,VC96
PTC,VCB4
PTC,VC96
PTC,VC96
PTC,VC96
PTP,VC96
PTE,VC96
PTC,VCB4
PTC,VC96
PTC,VC96
PTC,VC96
PTP,VCB4
PTP,VCB4
PTE,VCB4
PTP,VC96
PTC,VC96
PTC,VCB4
PTE,VC96
PTE,VC96
PTP,VC96
PTE,VC96
PTE,VCB4
PTC,VC96
PTP,VC96
PTE,VCB4
PTP,VCD2
PTP,VC96
PTC,VCB4
PTC,VC96
PTC,VC96
PTE,VCB4
PTC,VC96
PTC,VCB4
PTE,VC96
PTP,VCB4
PTE,VC96
PTP,VC96
PTP,VCB4
PTE,VCD2
PTE,VC96
PTC,VC96
PTC,VC96
PTE,VC96
PTE,VCD2
PTC,VC96
PTP,VC96
PTC,VCB4
PTC,VC96
PTC,VC96
PTP,VC96
PTC,VCB4
PTP,VC96
PTC,VC96
PTC,VC96
PTP,VC96
PTP,VCB4
PTE,VC96
PTC,VCD2
PTP,VCB4
PTP,VC96
PTE,VC96
PTC,VC96
PTP,VC96
PTE,VC96
PTP,VC96
PTC,VCB4
PTP,VC96
PTC,VC96
PTC,VCB4
PTC,VC96
PTC,VC96
PTE,VC96
PTC,VCD2
PTE,VC96
PTC,VCB4
PTE,VC96
PTP,VCB4
PTC,VCB4
PTC,VC96
PTC,VC96
PTE,VC96
PTP,VC96
PTE,VCB4
PTC,VC96
PTP,VC96
PTP,VC96
PTE,VC96
PTP,VC96
PTC,VC96
PTP,VC96
PTC,VCB4
PTC,VC96
PTE,VC96
PTC,VC96
PTE,VC96
PTE,VCB4
PTE,VCD2
PTE,VC96
PTP,VC96
PTE,VCB4
PTP,VC96
PTP,VC96
PTP,VCB4
PTP,VC96
PTE,VCB4
PTP,VCB4
PTP,VCD2
PTC,VC96
PTE,VCB4
PTE,VCB4
PTE,VC96
PTE,VC96
PTP,VC96
PTC,VCD2
PTC,VCD2
PTC,VCB4
PTC,VCD2
PTC,VCD2
PTP,VCB4
PTC,VC96
PTP,VC96
PTP,VC96
PTE,VC96
PTP,VCB4
PTC,VC96
PTE,VC96
PTP,VC96
PTE,VC96
PTP,VC96
PTC,VC96
PTE,VC96
PTP,VC96
PTP,VC96
PTP,VC96
PTC,VC96
PTC,VCB4
PTC,VCD2
PTE,VCB4
PTP,VC96
PTC,VC96
PTP,VC96
PTP,VCB4
PTE,VCB4
PTE,VC96
PTE,VCB4
PTE,VC96
PTE,VC96
PTP,VCD2
PTC,VC96
PTE,VCB4
PTC,VC96
PTP,VC96
PTE,VC96
PTC,VCB4
PTE,VCB4
PTC,VC96
PTE,VC96
PTP,VC96
PTP,VC96
PTE,VC96
PTC,VCB4
PTP,VCB4
PTE,VCB4
PTP,VC96
PTE,VC96
PTC,VC96
PTP,VCB4
PTC,VC96
PTE,VC96
PTC,VC96
PTE,VC96
PTC,VCD2
PTE,VCB4
PTP,VC96
PTC,VC96
PTP,VC96
PTC,VC96
PTP,VCD2
PTC,VCB4
PTP,VC96
PTE,VCD2
PTC,VC96
PTE,VC96
PTC,VC96
PTP,VC96
PTP,VC96
PTC,VC96
PTP,VC96
PTC,VCD2
PTP,VC96
PTC,VC96
PTP,VC96
PTP,VCB4
PTE,VCB4
PTC,VC96
PTP,VCD2
PTP,VCB4
PTE,VCB4
PTP,VC96
PTC,VC96
PTC,VCD2
PTP,VC96
PTE,VCD2
PTE,VC96
PTP,VC96
PTC,VC96
PTE,VC96
PTC,VC96
PTE,VC96
PTC,VC96
PTE,VCB4
PTP,VC96
PTC,VCD2
PTP,VCB4
PTP,VCD2
PTE,VC96
PTC,VCD2
PTC,VC96
PTC,VC96
PTE,VC96
PTE,VC96
PTP,VC96
PTP,VC96
PTC,VC96
PTP,VC96
PTC,VC96
PTP,VCB4
PTP,VCD2
PTC,VC96
PTE,VC96
PTP,VC96
PTP,VC96
PTE,VCB4
PTC,VCB4
PTE,VC96
PTC,VC96
PTE,VCD2
PTC,VCB4
PTE,VCB4
PTE,VC96
PTE,VC96
PTE,VC96
PTC,VC96
PTC,VC96
PTE,VC96
PTE,VCB4
PTC,VCB4
PTP,VC96
PTC,VCD2
PTP,VCD2
PTP,VC96
PTP,VCB4
PTE,VCD2
PTP,VC96
PTE,VC96
PTE,VC96
PTE,VC96
PTP,VC96
PTP,VC96
PTP,VCB4
PTP,VC96
PTE,VC96
PTE,VC96
PTE,VCB4
PTP,VC96
PTP,VCB4
PTP,VCD2
PTC,VC96
PTC,VC96
PTP,VCB4
PTC,VCB4
PTE,VC96
PTC,VCB4
PTC,VC96
PTC,VC96
PTE,VC96
PTC,VC96
PTE,VCB4
PTE,VC96
PTE,VC96
PTP,VC96
PTE,VC96
PTE,VCB4
PTE,VC96
PTP,VCD2
PTP,VCB4
PTE,VC96
PTP,VC96
PTP,VCB4
PTP,VC96
PTE,VC96
PTC,VC96
PTE,VCD2
PTC,VCB4
PTP,VC96
PTC,VC96
PTP,VC96
PTE,VC96
PTE,VC96
PTP,VCB4
PTC,VC96
PTC,VC96
PTP,VC96
PTC,VCB4
PTE,VCD2
PTE,VC96
PTP,VC96
PTE,VC96
PTC,VCB4
PTP,VCB4
PTP,VC96
PTP,VCB4
PTE,VC96
PTP,VCB4
PTE,VC96
PTC,VC96
PTC,VCB4
PTC,VC96
PTP,VC96
PTC,VC96
PTC,VC96
PTP,VC96
PTC,VC96
PTE,VC96
PTE,VC96
PTC,VCD2
PTE,VCB4
PTC,VCB4
PTP,VC96
PTC,VC96
PTP,VCB4
PTE,VC96
PTC,VC96
PTP,VC96
PTC,VC96
PTC,VC96
PTC,VC96
PTP,VCB4
PTC,VC96
PTP,VC96
PTP,VCB4
PTE,VC96
PTP,VC96
PTP,VCD2
PTC,VC96
PTP,VCB4
PTE,VCB4
PTC,VCD2
PTE,VC96
PTC,VCD2
PTE,VCD2
PTE,VC96
PTE,VC96
PTP,VC96
PTC,VC96
PTC,VC96
PTC,VC96
PTP,VCD2
PTP,VC96
PTP,VC96
PTC,VCB4
PTE,VC96
PTE,VC96
PTP,VCB4
PTP,VC96
PTE,VC96
PTP,VC96
PTP,VC96
PTE,VC96
PTP,VCB4
PTP,VCD2
PTP,VC96
PTC,VC96
PTE,VC96
PTC,VC96
PTE,VCD2
PTC,VC96
PTC,VC96
PTE,VC96
PTC,VC96
PTC,VC96
PTE,VC96
PTE,VC96
PTC,VC96
PTC,VCB4
PTC,VC96
PTE,VC96
PTE,VCD2
PTE,VC96
PTP,VC96
PTC,VC96
PTC,VCB4
PTP,VCB4
PTP,VC96
PTP,VC96
PTC,VC96
PTP,VCB4
PTP,VCB4
PTC,VCB4
PTP,VCB4
PTC,VC96
PTP,VC96
PTC,VC96
PTE,VC96
PTC,VC96
PTC,VC96
PTC,VC96
PTE,VC96
PTC,VC96
PTP,VCB4
PTP,VC96
PTP,VCB4
PTP,VC96
PTP,VCB4
PTP,VC96
PTC,VC96
PTE,VC96
PTE,VC96
PTE,VC96
PTP,VC96
PTP,VCB4
PTP,VC96
PTP,VCB4
PTP,VC96
PTP,VC96
PTP,VCB4
PTE,VCB4
PTE,VC96
PTP,VC96
PTP,VCB4
PTP,VC96
PTC,VCB4
PTE,VC96
PTE,VC96
PTE,VC96
PTE,VC96
PTE,VC96
PTE,VCB4
PTP,VCB4
PTE,VC96
PTP,VC96
PTP,VCB4
PTC,VC96
PTP,VC96
PTE,VC96
PTE,VC96
PTE,VC96
PTC,VC96
PTC,VC96
PTP,VC96
PTP,VCB4
PTE,VC96
PTC,VC96
PTE,VC96
PTP,VCD2
PTE,VCB4
PTE,VCB4
PTP,VCB4
PTP,VCD2
PTE,VCB4
PTP,VCD2
PTP,VC96
PTC,VCB4
PTE,VC96
PTC,VCD2
PTC,VC96
PTP,VCB4
PTP,VC96
PTC,VC96
PTE,VCD2
PTP,VCB4
PTP,VC96
PTE,VCD2
PTE,VC96
PTC,VC96
PTC,VCB4
PTE,VC96
PTP,VC96
PTC,VC96
PTP,VC96
PTE,VCB4
PTC,VCB4
PTP,VCB4
PTP,VC96
PTP,VC96
PTE,VC96
PTP,VC96
PTP,VC96
PTC,VC96
PTP,VCB4
PTP,VC96
PTP,VC96
PTC,VC96
PTE,VC96
PTC,VCB4
PTP,VC96
PTE,VC96
PTP,VC96
PTP,VCB4
PTC,VC96
PTE,VC96
PTP,VCD2
PTP,VCD2
PTP,VC96
PTE,VCD2
PTE,VC96
PTC,VC96
PTE,VC96
PTC,VC96
PTE,VC96
PTE,VCD2
PTE,VC96
PTC,VC96
PTP,VC96
PTP,VC96
PTP,VCB4
PTP,VC96
PTE,VCB4
PTP,VC96
PTP,VCB4
PTC,VC96
PTC,VC96
PTP,VC96
PTC,VC96
PTC,VC96
PTC,VCB4
PTC,VC96
PTE,VC96
PTE,VCB4
PTE,VC96
PTC,VC96
PTP,VCB4
PTP,VCD2
PTC,VC96
PTC,VCB4
PTC,VCB4
PTE,VC96
PTC,VC96
PTE,VC96
PTE,VC96
PTE,VC96
PTE,VCD2
PTE,VCD2
PTC,VCB4
PTE,VCD2
PTE,VC96
PTE,VC96
PTC,VCB4
PTE,VCB4
PTC,VCB4
PTE,VC96
PTE,VC96
PTE,VC96
PTC,VCB4
PTP,VCB4
PTP,VCD2
PTE,VCB4
PTC,VC96
PTE,VC96
PTP,VCD2
PTE,VC96
PTP,VCB4
PTE,VC96
PTP,VC96
PTC,VC96
PTP,VC96
PTP,VC96
PTE,VC96
PTP,VC96
PTC,VCB4
PTC,VC96
PTP,VCD2
PTC,VC96
PTC,VC96
PTC,VC96
PTE,VC96
PTC,VCD2
PTE,VC96
PTP,VC96
PTP,VC96
PTE,VCB4
PTC,VCB4
PTE,VC96
PTE,VCB4
PTP,VC96
PTC,VC96
PTP,VC96
PTP,VC96
PTE,VC96
PTP,VC96
PTC,VCB4
PTE,VC96
PTC,VC96
PTC,VCD2
PTP,VC96
PTE,VCB4
PTC,VC96
PTE,VCB4
PTP,VC96
PTE,VCB4
PTC,VC96
PTP,VCB4
PTP,VC96
PTC,VC96
PTC,VC96
PTE,VC96
PTP,VCB4
PTP,VCD2
PTC,VC96
PTE,VCB4
PTP,VC96
PTE,VC96
PTP,VCB4
PTC,VC96
PTE,VCB4
PTE,VC96
PTE,VCB4
PTP,VCB4
PTE,VCB4
PTC,VC96
PTE,VCB4
PTC,VCD2
PTP,VCB4
PTC,VCD2
PTC,VC96
PTP,VC96
PTC,VC96
PTP,VC96
PTC,VC96
PTC,VC96
PTC,VC96
PTE,VCD2
PTE,VC96
PTP,VC96
PTP,VCB4
PTC,VC96
PTE,VCB4
PTP,VC96
PTP,VCB4
PTP,VC96
PTE,VC96
PTE,VCD2
PTE,VC96
PTP,VC96
PTP,VCB4
PTP,VC96
PTP,VC96
PTP,VC96
PTP,VC96
PTP,VCD2
PTP,VCB4
PTE,VC96
PTP,VC96
PTP,VCB4
PTP,VC96
PTC,VCB4
PTP,VC96
PTE,VC96
PTE,VCD2
PTE,VC96
PTE,VC96
PTC,VC96
PTE,VCD2
PTC,VC96
PTP,VC96
PTE,VC96
PTE,VC96
PTC,VC96
PTP,VC96
PTE,VC96
PTE,VC96
PTE,VC96
PTE,VC96
PTC,VCD2
PTC,VCD2
PTP,VCB4
PTE,VCB4
PTE,VC96
PTP,VCB4
PTE,VC96
PTC,VCB4
PTE,VC96
PTC,VCD2
PTP,VC96
PTE,VCD2
PTE,VC96
PTE,VCD2
PTC,VC96
PTE,VCB4
PTP,VCD2
PTE,VCB4
PTP,VCB4
PTP,VC96
PTE,VC96
PTE,VC96
PTC,VCD2
PTP,VC96
PTE,VC96
PTC,VC96
PTC,VC96
PTP,VCB4
PTC,VC96
PTP,VC96
PTE,VC96
PTE,VC96
PTC,VCB4
PTC,VC96
PTC,VC96
PTP,VC96
PTC,VCD2
PTC,VCD2
PTP,VCD2
PTP,VCB4
PTE,VC96
PTC,VCD2
PTP,VC96
PTC,VC96
PTE,VCB4
PTC,VCB4
PTP,VCB4
PTC,VC96
PTC,VC96
PTC,VCD2
PTP,VCB4
PTP,VC96
PTC,VC96
PTP,VCB4
PTP,VCB4
PTP,VCB4
PTP,VC96
PTP,VC96
PTE,VCB4
PTP,VC96
PTC,VC96
PTE,VC96
PTE,VC96
PTP,VCB4
PTP,VCD2
PTE,VCB4
PTC,VC96
PTC,VC96
PTE,VC96
PTP,VC96
PTC,VC96
PTE,VC96
PTE,VCB4
PTC,VC96
PTC,VC96
PTE,VC96
PTP,VCB4
PTE,VCB4
PTC,VC96
PTE,VC96
PTE,VC96
PTE,VC96
PTE,VC96
PTE,VC96
PTE,VC96
PTE,VC96
PTE,VC96
PTC,VC96
PTE,VCB4
PTE,VC96
PTC,VC96
PTP,VC96
PTE,VC96
PTC,VCD2
PTE,VC96
PTE,VCB4
PTE,VC96
PTE,VC96
PTP,VCD2
PTP,VCB4
PTP,VC96
PTP,VC96
PTC,VC96
PTE,VC96
PTE,VCD2
PTP,VCD2
PTP,VC96
PTP,VCB4
PTP,VCD2
PTE,VC96
PTC,VC96
PTE,VCD2
PTC,VCB4
PTE,VC96
PTE,VC96
PTC,VC96
PTC,VC96
PTC,VCB4
PTE,VCB4
PTC,VC96
PTE,VC96
PTC,VCD2
PTE,VC96
PTE,VC96
PTP,VC96
PTP,VCD2
PTP,VC96
PTE,VC96
PTC,VCB4
PTE,VC96
PTC,VCB4
PTE,VCB4
PTE,VCB4
PTC,VC96
PTE,VC96
PTC,VC96
PTP,VCD2
PTE,VC96
PTP,VCB4
PTC,VC96
PTP,VC96
PTP,VCD2
PTE,VC96
PTC,VC96
PTE,VCD2
PTC,VC96
PTP,VC96
PTE,VCB4
PTC,VC96
PTC,VCB4
PTE,VCB4
PTC,VC96
PTE,VCB4
PTP,VCB4
PTP,VCB4
PTE,VC96
PTC,VCD2
PTP,VC96
PTE,VC96
PTE,VCB4
PTC,VC96
PTC,VC96
PTE,VC96
PTC,VC96
PTE,VCD2
PTE,VCD2
PTC,VCB4
PTP,VC96
PTC,VC96
PTC,VCD2
PTE,VCD2
PTC,VCB4
PTC,VCB4
PTE,VC96
PTP,VCD2
PTC,VC96
PTP,VC96
PTE,VC96
PTE,VC96
PTP,VC96
PTE,VC96
PTC,VC96
PTP,VCB4
PTE,VC96
PTC,VC96
PTC,VCB4
PTP,VCB4
PTP,VC96
PTE,VC96
PTE,VC96
PTE,VCB4
PTP,VC96
PTE,VC96
PTC,VCB4
PTC,VCD2
PTC,VC96
PTP,VCD2
PTE,VC96
PTP,VC96
PTE,VCB4
PTP,VCB4
PTP,VC96
PTE,VC96
PTE,VCB4
PTP,VC96
PTE,VCB4
PTC,VC96
PTP,VC96
PTP,VC96
PTE,VC96
PTC,VC96
PTP,VC96
PTC,VC96
PTC,VC96
PTP,VC96
PTE,VCB4
PTE,VC96
PTE,VC96
PTC,VC96
PTC,VC96
PTE,VC96
PTC,VCB4
PTP,VC96
PTP,VCB4
PTP,VC96
PTC,VC96
PTE,VC96
PTE,VC96
PTE,VCB4
PTE,VCB4
PTP,VCD2
PTE,VC96
PTC,VC96
PTP,VC96
PTE,VCB4
PTE,VC96
PTC,VCD2
PTE,VC96
PTE,VC96
PTP,VC96
PTP,VCB4
PTC,VC96
PTC,VC96
PTE,VCB4
PTE,VC96
PTE,VC96
PTP,VC96
PTE,VC96
PTC,VC96
PTP,VC96
PTP,VC96
PTC,VC96
PTE,VC96
PTE,VCD2
PTC,VCD2
PTP,VC96
PTE,VCD2
PTE,VCD2
PTP,VC96
PTC,VC96
PTP,VC96
PTP,VC96
PTP,VCB4
PTE,VCB4
PTE,VC96
PTP,VC96
PTC,VC96
PTP,VC96
PTC,VC96
PTE,VCB4
PTC,VCB4
PTP,VCD2
PTE,VC96
PTP,VC96
PTE,VC96
PTP,VC96
PTE,VCD2
PTE,VCB4
PTP,VC96
PTE,VC96
PTC,VC96
PTE,VCB4
PTC,VC96
PTC,VC96
PTP,VC96
PTE,VCD2
PTE,VC96
PTE,VC96
PTC,VC96
PTP,VCB4
PTC,VC96
PTP,VC96
PTE,VC96
PTP,VC96
PTE,VC96
PTE,VCB4
PTE,VC96
PTE,VC96
PTE,VC96
PTC,VC96
PTE,VC96
PTE,VCD2
PTE,VCD2
PTC,VC96
PTC,VC96
PTP,VCB4
PTE,VC96
PTP,VC96
PTP,VC96
PTP,VC96
PTC,VC96
PTE,VCD2
PTC,VC96
PTP,VCB4
PTP,VC96
PTE,VCB4
PTE,VC96
PTE,VC96
PTC,VC96
PTE,VC96
PTP,VCD2
PTC,VC96
PTE,VC96
PTP,VC96
PTE,VC96
PTP,VC96
PTP,VC96
PTE,VCB4
PTP,VC96
PTE,VC96
PTP,VCB4
PTE,VCB4
PTC,VC96
PTC,VC96
PTC,VC96
PTE,VC96
PTP,VC96
PTP,VCD2
PTC,VCD2
PTE,VCB4
PTP,VCB4
PTP,VC96
PTC,VCB4
PTE,VCD2
PTP,VCB4
PTE,VCD2
PTE,VCB4
PTE,VC96
PTP,VCB4
PTE,VCD2
PTC,VCB4
PTP,VC96
PTC,VC96
PTP,VC96
PTP,VCB4
PTP,VCD2
PTC,VCB4
PTC,VCB4
PTE,VC96
PTC,VCB4
PTP,VCB4
PTC,VCB4
PTE,VC96
